age,Medu,Fedu,traveltime,studytime,failures,famrel,freetime,goout,Dalc,Walc,health,absences,G1,G2,school,sex,address,famsize,Pstatus,Mjob,Fjob,reason,guardian,schoolsup,famsup,paid,activities,nursery,higher,internet,romantic
,1.0,1.0,0.3333333333333333,,,,0.5,0.75,0.0,,0.5,0.125,,,,,U,GT3,,at_home,,,,yes,no,,no,yes,,no,
,0.25,0.25,0.0,,,1.0,0.5,,0.0,,0.5,,0.47368421052631576,,GP,F,,GT3,T,at_home,other,course,father,,,,,,,yes,
,0.25,,0.0,,0.0,0.75,,,0.25,0.5,0.5,0.1875,,,,F,U,,,,,other,mother,yes,no,,no,yes,yes,yes,12.0
0.0,1.0,,,,0.0,,0.25,0.25,,0.0,1.0,,,,,F,U,GT3,T,health,,home,mother,no,yes,,,,yes,yes,14.0
,0.75,0.75,,,,0.75,,0.25,0.0,,1.0,0.0,,0.6842105263157894,,,,GT3,T,,,home,,,yes,no,,yes,yes,,13.0
,1.0,0.75,0.0,,0.0,,,,0.0,0.25,,0.1875,,0.631578947368421,,M,,LE3,,,,reputation,mother,,yes,no,yes,yes,,,13.0
0.1428571428571428,0.5,,,0.3333333333333333,0.0,0.75,0.75,0.75,,,0.5,0.0,,,GP,,,LE3,T,other,,home,,,no,no,no,yes,yes,,
,,1.0,,0.3333333333333333,0.0,0.75,0.0,0.75,0.0,,0.0,,,0.6842105263157894,,F,U,GT3,,,teacher,home,mother,yes,yes,,,yes,,,13.0
0.0,0.75,0.5,,0.3333333333333333,0.0,,0.25,0.25,0.0,0.0,0.0,,,0.8421052631578947,GP,M,U,LE3,A,services,other,home,mother,no,,,,yes,,yes,17.0
,0.75,,,0.3333333333333333,,,1.0,0.0,,0.0,,,0.631578947368421,0.631578947368421,GP,M,U,GT3,,other,,home,,,yes,no,yes,yes,,,
0.0,1.0,1.0,,0.3333333333333333,0.0,0.5,0.5,0.5,,,0.25,,,,,F,U,GT3,,teacher,health,,mother,,yes,no,,,yes,yes,14.0
0.0,,,0.6666666666666667,,0.0,1.0,0.25,,0.0,0.0,0.75,0.0,,0.631578947368421,GP,,,,,,other,,,no,,no,,,yes,yes,13.0
0.0,1.0,,,0.0,0.0,0.75,0.5,,0.0,,1.0,0.0,0.631578947368421,0.6842105263157894,GP,,U,LE3,T,,services,,,no,,,yes,yes,yes,yes,12.0
,,0.75,0.3333333333333333,0.3333333333333333,0.0,,0.75,,0.0,0.25,0.5,,,,GP,M,,,T,,other,course,,,yes,,,yes,yes,yes,13.0
,,0.5,0.0,0.6666666666666667,0.0,,1.0,,0.0,,,,0.7368421052631579,0.7368421052631579,GP,M,,,A,,other,,other,,yes,no,no,,yes,yes,15.0
0.1428571428571428,1.0,1.0,0.0,0.0,0.0,,,0.75,0.0,0.25,0.25,,,0.894736842105263,,F,,GT3,T,health,other,,mother,no,,no,no,yes,yes,yes,17.0
0.1428571428571428,1.0,,,,0.0,0.5,,0.5,,0.25,0.25,0.3125,0.6842105263157894,0.6842105263157894,,,U,GT3,T,services,services,reputation,mother,no,,no,,yes,yes,,14.0
0.1428571428571428,,,0.6666666666666667,0.3333333333333333,0.0,1.0,0.5,0.25,0.0,0.0,0.75,,,0.7368421052631579,GP,F,,,,,other,,mother,yes,,no,yes,,yes,no,14.0
,0.75,0.5,,0.0,1.0,1.0,,1.0,,,,,,,GP,,,GT3,T,services,,,,,,,,,yes,,
0.1428571428571428,1.0,,0.0,0.0,,0.5,0.0,,,0.5,1.0,,,,GP,M,,LE3,T,,,home,father,no,no,,yes,yes,,,
,,,,,0.0,0.75,0.75,0.0,0.0,,0.0,0.0,0.631578947368421,0.6842105263157894,,,,GT3,T,,other,reputation,,,,,,,,,14.0
,1.0,1.0,0.0,,,1.0,0.75,0.25,,,1.0,0.0,0.5789473684210527,0.631578947368421,,M,,,T,health,,,father,,yes,,no,yes,,,
,1.0,,0.0,,0.0,0.75,1.0,0.0,0.0,,1.0,0.0,0.631578947368421,,GP,M,,,T,teacher,other,,mother,,,,yes,yes,yes,,14.0
,0.5,0.5,,0.3333333333333333,,1.0,0.75,,0.25,,1.0,0.0625,0.5263157894736842,,GP,M,,,T,other,other,reputation,mother,,,,yes,,yes,yes,10.0
,0.5,,0.0,,,0.75,,,0.0,0.0,1.0,0.0625,0.5263157894736842,,,,R,GT3,T,services,health,,mother,yes,yes,,yes,yes,yes,yes,10.0
0.1428571428571428,,0.5,0.0,0.0,0.0,0.0,0.25,0.25,,0.5,1.0,,0.5263157894736842,0.5789473684210527,GP,F,,,,services,,,,no,yes,,,no,yes,,12.0
,,0.5,0.0,0.0,,0.75,0.25,,0.0,,1.0,,0.5789473684210527,,GP,M,U,,T,,other,,,,yes,no,,yes,yes,yes,12.0
0.0,1.0,,,0.0,0.0,,,0.75,0.25,,,0.0,0.5789473684210527,,,,U,,,health,,other,,,,no,no,yes,,yes,
,0.75,,,,,,0.5,0.5,0.0,0.0,,,,0.631578947368421,,M,U,LE3,A,,other,home,,yes,yes,yes,yes,yes,,,13.0
0.1428571428571428,,,0.0,0.3333333333333333,0.0,,,,1.0,,1.0,,0.631578947368421,0.5789473684210527,GP,,,,T,teacher,teacher,home,mother,,yes,yes,,yes,,,12.0
,1.0,,,,,1.0,,0.25,0.5,0.75,1.0,0.0,,,,M,,GT3,T,,services,,,no,yes,yes,no,,yes,yes,11.0
,1.0,,,0.3333333333333333,,0.75,0.5,,0.0,0.0,1.0,0.0625,0.7894736842105263,0.7894736842105263,GP,,U,,T,services,,reputation,mother,,yes,no,,yes,,yes,15.0
0.0,1.0,0.75,0.0,,0.0,,1.0,,,,1.0,,0.6842105263157894,,,M,R,,T,teacher,at_home,,,no,,no,yes,yes,yes,yes,
0.0,0.75,0.75,0.0,0.3333333333333333,0.0,1.0,0.5,0.25,0.0,,,,,,,,,LE3,T,,other,,mother,no,,no,yes,no,yes,yes,
0.1428571428571428,,0.5,0.0,0.0,0.0,,,,,0.0,,,0.631578947368421,0.631578947368421,GP,M,,,T,other,,home,,,yes,no,no,,yes,,
0.0,0.5,0.75,0.3333333333333333,0.0,0.0,,1.0,,,0.0,1.0,,,0.5789473684210527,,F,U,GT3,T,other,,other,father,,yes,no,yes,yes,yes,no,11.0
0.0,1.0,0.75,0.0,,0.0,1.0,,0.5,,,0.75,,0.7368421052631579,0.7368421052631579,GP,,,LE3,T,teacher,,home,mother,no,,no,yes,yes,,yes,14.0
,1.0,1.0,,,0.0,,0.75,,0.0,,1.0,0.125,0.6842105263157894,0.6842105263157894,,M,,,,other,teacher,reputation,mother,,yes,no,yes,,yes,yes,
,0.75,1.0,,0.6666666666666667,,0.75,0.5,0.25,0.0,,,0.0625,0.5789473684210527,0.631578947368421,,,,GT3,,services,health,course,,yes,yes,no,yes,yes,yes,,
0.0,0.5,0.5,0.0,,,0.75,0.5,,0.0,,0.25,,0.7368421052631579,,GP,,,,T,at_home,,reputation,mother,yes,,no,,,yes,,12.0
0.1428571428571428,0.5,0.5,,,0.0,,,,,,,0.5,0.5789473684210527,0.5789473684210527,,,,LE3,T,,other,,mother,no,yes,no,yes,,yes,,10.0
0.0,1.0,1.0,0.0,0.0,0.0,,,,,0.75,,0.25,,,GP,M,U,LE3,T,,other,home,other,,yes,,,,yes,yes,11.0
0.0,1.0,,,0.3333333333333333,,0.75,0.5,0.5,0.0,0.0,1.0,0.0,0.7368421052631579,,GP,M,,GT3,T,services,,course,father,,,no,,yes,yes,,15.0
0.0,0.5,,0.0,,,1.0,,0.0,,0.0,,0.0,0.47368421052631576,,,,U,,T,services,,course,father,,,,no,yes,yes,yes,10.0
0.1428571428571428,0.5,,,,,0.75,0.5,,,0.25,1.0,,0.5263157894736842,,,F,U,,T,other,at_home,course,father,yes,no,,,,yes,,11.0
0.0,,0.75,0.0,0.3333333333333333,,1.0,0.25,0.25,0.0,0.0,1.0,0.125,0.5263157894736842,,GP,F,U,,A,,other,,mother,yes,,yes,yes,yes,yes,yes,11.0
0.1428571428571428,0.75,,0.0,0.3333333333333333,0.0,0.25,0.5,1.0,,0.75,,,,,GP,,U,,,,,home,mother,no,yes,,no,yes,yes,,
,,0.75,0.0,1.0,0.0,0.75,0.25,0.25,,,,0.0625,0.894736842105263,,GP,,U,,,health,,,,no,no,,yes,yes,,yes,
,1.0,,0.0,0.3333333333333333,,0.75,,0.5,0.25,0.25,1.0,,0.5789473684210527,0.631578947368421,GP,M,U,,,teacher,other,home,mother,,,no,,yes,yes,no,
0.0,1.0,1.0,,0.3333333333333333,0.0,,,,0.0,0.0,0.5,,,0.631578947368421,GP,F,,GT3,T,services,teacher,other,father,,,no,yes,,,,12.0
,,,,,0.0,,0.5,,0.25,0.5,0.75,0.0,,,GP,F,U,LE3,T,services,,course,mother,,yes,,no,,yes,yes,
0.0,1.0,0.5,,,,0.75,0.5,0.5,0.0,0.0,1.0,,0.8421052631578947,,GP,F,U,,,,,,mother,no,,,no,yes,yes,yes,16.0
0.0,1.0,,0.3333333333333333,,0.0,,1.0,1.0,0.5,0.75,,,0.5263157894736842,,GP,,U,LE3,A,,health,other,father,no,no,,no,,,,
,,1.0,0.0,0.0,0.0,,0.5,0.75,,0.5,,0.0,0.6842105263157894,,,F,U,,T,,services,course,,,,,,yes,,yes,12.0
0.0,0.75,,0.0,0.0,0.0,,0.5,0.75,,,0.0,0.0,0.6842105263157894,0.631578947368421,,F,U,,,other,,other,,,,no,no,yes,yes,,13.0
0.1428571428571428,0.5,,0.0,,,1.0,0.5,,,0.0,0.25,0.0625,0.631578947368421,0.6842105263157894,,F,U,,A,,other,other,mother,no,no,no,yes,,yes,,12.0
0.0,1.0,,,0.3333333333333333,,,,0.25,0.0,,,,0.7894736842105263,0.7368421052631579,,,,GT3,A,,,,mother,,yes,no,,,,yes,15.0
0.0,1.0,,0.0,0.3333333333333333,,0.5,0.25,0.25,0.0,0.0,1.0,,,0.7894736842105263,,,U,GT3,T,teacher,,,,no,yes,,yes,yes,yes,no,
0.0,0.25,0.5,0.0,0.3333333333333333,0.0,,0.5,0.25,0.0,,,,0.7368421052631579,0.6842105263157894,,M,U,LE3,T,other,at_home,,father,yes,yes,no,yes,,yes,,
0.1428571428571428,1.0,,0.0,0.3333333333333333,,0.75,0.25,0.5,,,1.0,0.0625,,0.7894736842105263,,F,,GT3,,,,,mother,no,,yes,no,yes,yes,,16.0
0.1428571428571428,,1.0,,0.3333333333333333,,0.25,0.75,0.75,,0.5,0.75,0.0,0.894736842105263,0.8421052631578947,GP,,R,GT3,,,,other,mother,no,yes,no,,,yes,,
0.1428571428571428,0.25,0.25,1.0,0.0,0.0,1.0,1.0,,1.0,1.0,,0.0,0.5263157894736842,,,,,,T,,services,,father,,yes,no,yes,,yes,yes,16.0
,,0.5,0.0,0.3333333333333333,0.0,0.75,,0.5,,0.0,0.0,0.0,,,,,,LE3,,,services,reputation,father,,no,,,yes,,yes,10.0
,1.0,,0.0,0.6666666666666667,0.0,0.5,,0.75,,0.75,0.75,,0.7368421052631579,,GP,F,U,GT3,,,,,,yes,yes,no,,yes,yes,,13.0
0.0,,0.75,0.0,,0.0,0.75,0.75,0.75,0.25,0.75,0.25,,0.6842105263157894,0.631578947368421,GP,,U,,,,,reputation,father,,no,no,yes,,yes,yes,12.0
,,0.75,0.6666666666666667,0.3333333333333333,0.0,,0.75,0.5,,0.25,0.0,,0.8421052631578947,,GP,F,U,LE3,,teacher,services,,mother,no,,no,yes,,yes,,
,1.0,1.0,,1.0,0.0,,0.5,0.5,1.0,1.0,0.5,0.0,0.5789473684210527,0.631578947368421,,M,U,,,other,services,reputation,mother,,yes,,yes,no,yes,yes,
0.1428571428571428,0.75,0.25,,1.0,0.0,,,0.5,0.0,,,,,0.47368421052631576,GP,F,U,,T,services,other,course,,yes,,no,,,yes,,10.0
,0.5,0.5,0.3333333333333333,,,,,0.5,0.0,0.5,0.75,0.0,0.5789473684210527,,GP,F,R,,T,health,services,reputation,,yes,,no,,yes,yes,,11.0
,0.75,0.25,0.3333333333333333,,0.0,0.75,,0.25,,0.5,,0.1875,0.7894736842105263,,,,R,,T,,,reputation,,no,yes,no,no,no,,,
0.1428571428571428,,0.25,0.3333333333333333,1.0,0.0,,0.5,0.25,,,1.0,0.0625,0.6842105263157894,0.5789473684210527,GP,M,U,,T,other,other,reputation,father,no,yes,no,no,,yes,,
0.0,1.0,0.5,0.0,1.0,0.0,0.5,,,,0.0,,,,0.47368421052631576,,M,,GT3,,,other,,,,,,,yes,yes,yes,
0.0,,,0.0,,,0.5,0.5,0.75,0.25,0.75,,,,0.5789473684210527,GP,F,R,GT3,,other,other,reputation,,yes,,,,no,yes,,
0.1428571428571428,,,0.0,0.0,,,,0.25,0.25,0.25,,0.0,,0.6842105263157894,GP,M,U,GT3,,other,,reputation,,,no,,yes,yes,,,14.0
,0.75,0.75,0.0,0.3333333333333333,0.0,0.75,,,0.25,0.75,1.0,0.125,0.5789473684210527,0.5789473684210527,GP,,U,,T,other,services,,,yes,,no,,,,yes,11.0
,,0.75,,0.3333333333333333,0.0,,,0.5,0.25,0.5,,0.0,,0.5789473684210527,GP,,,,,,,home,mother,,yes,,yes,,yes,yes,11.0
0.0,,0.0,,,,0.5,,0.5,0.0,0.0,0.0,0.0,,,,,,,T,teacher,,course,,no,no,no,yes,yes,yes,yes,11.0
0.1428571428571428,,,,1.0,0.0,,0.25,0.5,0.0,0.5,0.5,,0.6842105263157894,,GP,,U,GT3,,other,other,reputation,mother,no,,,,yes,,yes,13.0
0.2857142857142856,0.5,0.25,0.3333333333333333,0.0,1.0,0.75,1.0,,,0.0,0.5,0.0,0.47368421052631576,,GP,M,U,GT3,T,,other,home,mother,yes,,,,yes,,,10.0
,0.75,1.0,0.0,,,0.25,0.75,0.5,,0.25,0.5,0.4375,0.631578947368421,0.5789473684210527,GP,,U,,T,at_home,,,,no,yes,,no,yes,,,11.0
0.0,0.5,,,0.0,,,,0.25,0.0,0.5,0.5,,0.5789473684210527,,GP,M,U,,T,,services,course,father,yes,yes,,yes,,yes,yes,12.0
0.0,0.5,,0.0,,0.0,,,0.25,,0.25,,,0.5263157894736842,,,M,,GT3,,,other,,,,,no,,no,yes,yes,9.0
,0.75,,0.0,0.3333333333333333,,0.75,0.75,,,0.0,1.0,0.125,0.631578947368421,0.5789473684210527,GP,,,LE3,T,,,reputation,mother,no,yes,,,,,yes,11.0
0.0,0.5,,0.3333333333333333,0.3333333333333333,0.0,,0.5,0.5,,,0.75,0.0625,,0.631578947368421,,M,,LE3,,,,,mother,,no,,,,,,13.0
0.0,0.25,0.25,0.0,,0.0,0.75,0.5,0.25,,0.5,0.75,0.0625,0.6842105263157894,,,F,U,,,,,home,father,,,,,no,yes,yes,
0.0,1.0,1.0,0.3333333333333333,,,,,,0.25,0.5,1.0,,0.631578947368421,0.5789473684210527,GP,F,U,GT3,,,,,,no,no,no,,yes,yes,,12.0
,,0.5,,0.3333333333333333,0.0,0.75,,,,0.25,0.25,,0.6842105263157894,0.5789473684210527,,F,U,,,at_home,other,course,mother,,,no,,,yes,no,11.0
0.0,,0.5,,0.6666666666666667,0.0,1.0,0.5,0.5,,0.5,0.0,,0.7894736842105263,0.7894736842105263,,F,U,GT3,T,other,other,reputation,,no,yes,,yes,yes,,yes,15.0
0.1428571428571428,,,,0.3333333333333333,,0.75,,,0.0,0.0,,0.1875,,0.5263157894736842,GP,,,,T,services,,reputation,,,no,no,yes,no,,yes,
0.1428571428571428,,1.0,,,0.0,,0.0,,,,,0.1875,,0.47368421052631576,GP,M,U,LE3,A,,,reputation,mother,no,yes,no,no,yes,,no,
,0.75,,,,0.0,0.75,0.5,0.5,0.0,,0.75,0.0625,0.47368421052631576,,GP,F,,GT3,,,other,,mother,no,,no,,,,,
0.0,1.0,,0.0,0.0,0.0,0.75,,,0.0,0.5,,,0.7368421052631579,0.6842105263157894,GP,F,,GT3,T,,other,reputation,,no,no,no,,,yes,,13.0
0.1428571428571428,,0.25,0.0,,0.0,0.5,0.5,0.5,0.25,0.5,0.25,0.0,0.631578947368421,,GP,,,,T,other,other,home,father,yes,yes,,,yes,yes,,
0.1428571428571428,,0.5,0.3333333333333333,0.3333333333333333,,1.0,0.5,0.5,0.0,,0.0,0.0625,0.6842105263157894,,GP,F,,,T,,,,mother,no,yes,,yes,yes,yes,yes,
0.0,,0.5,,,,0.75,,0.75,0.0,,0.75,,0.5789473684210527,0.631578947368421,,,,LE3,T,services,health,,mother,no,,,,yes,yes,,12.0
,0.25,,0.3333333333333333,1.0,0.0,0.5,,,,,0.0,,,0.6842105263157894,GP,F,,,T,,,home,mother,yes,,,yes,,yes,yes,13.0
,,0.75,0.3333333333333333,0.0,,,0.5,0.5,0.0,,0.75,0.1875,0.47368421052631576,0.5789473684210527,,M,,GT3,T,,other,,mother,yes,,,yes,,yes,yes,11.0
,0.5,0.25,,0.3333333333333333,0.0,0.75,,1.0,,,1.0,0.0,,,,,,,T,other,other,course,,no,yes,no,no,yes,yes,,12.0
0.1428571428571428,1.0,1.0,,,0.0,1.0,0.5,,,0.25,0.0,0.125,0.631578947368421,0.6842105263157894,,F,U,GT3,T,other,,reputation,,no,,,yes,,yes,yes,
0.1428571428571428,1.0,0.75,,,,,,1.0,0.0,0.0,0.5,,,,,F,U,,,other,at_home,,mother,yes,,,no,yes,yes,,
0.1428571428571428,1.0,,0.0,0.0,0.0,0.75,1.0,1.0,1.0,,0.75,,0.47368421052631576,,,,,GT3,T,services,,,,,yes,,,,,yes,8.0
,,,,,0.0,0.75,0.75,0.5,0.0,0.0,0.75,0.0,,0.8421052631578947,GP,M,U,GT3,,services,,,,no,,,yes,,yes,yes,
0.0,,1.0,0.0,0.0,0.0,,,0.5,0.0,0.0,1.0,0.0625,0.631578947368421,,GP,M,,GT3,T,services,,,mother,no,,,yes,,yes,yes,
0.0,,,0.3333333333333333,0.3333333333333333,0.0,0.75,,,,,,,0.5789473684210527,0.5263157894736842,GP,F,,,T,services,,home,mother,yes,,no,no,yes,yes,yes,10.0
,0.75,1.0,0.0,,,1.0,0.75,0.75,0.0,0.0,0.0,0.0,0.8421052631578947,0.8421052631578947,,M,U,,,,,,mother,no,yes,,,yes,,yes,16.0
0.0,,0.75,,1.0,0.0,,,,0.0,,0.75,,0.5263157894736842,0.5263157894736842,GP,F,,,A,,health,,,,no,,no,,yes,,10.0
0.0,,0.5,0.0,1.0,0.0,,0.0,,,0.0,,0.125,0.5263157894736842,0.5263157894736842,GP,,,GT3,,,,course,mother,,yes,,,yes,yes,yes,
0.1428571428571428,0.75,0.75,0.0,0.6666666666666667,0.0,1.0,0.5,0.5,0.0,0.0,,,0.6842105263157894,0.7368421052631579,GP,,U,,T,services,other,home,father,no,,no,yes,yes,,yes,
0.0,1.0,1.0,1.0,,,0.0,0.5,,0.5,1.0,0.0,0.25,,,GP,M,R,GT3,T,other,other,home,father,,yes,,yes,yes,yes,,
,1.0,,0.0,0.6666666666666667,0.0,1.0,,1.0,0.0,,0.75,,0.7894736842105263,0.7894736842105263,,F,U,LE3,T,health,,,,no,yes,no,yes,,,,
,1.0,,,,,1.0,1.0,0.5,0.0,,0.75,,,,,,,LE3,,,teacher,,,no,,,yes,,yes,yes,
0.1428571428571428,0.75,,0.0,,0.0,,0.0,,0.0,,0.25,0.125,0.5789473684210527,0.5789473684210527,GP,F,R,,T,services,other,reputation,,,yes,no,yes,yes,yes,,11.0
0.1428571428571428,,0.5,0.0,,,0.5,,0.25,0.0,0.0,1.0,,0.42105263157894735,,GP,,U,,,,,home,,yes,no,no,,,yes,,
0.0,1.0,0.5,,0.0,,,1.0,,,,0.5,0.3125,0.9473684210526315,0.894736842105263,,M,,,T,teacher,,,,,no,no,no,yes,,yes,18.0
0.0,0.5,0.25,,0.3333333333333333,,,,,0.0,0.0,1.0,0.125,0.5263157894736842,,,M,R,GT3,,,services,,,no,,no,,,,yes,
0.1428571428571428,,1.0,,0.3333333333333333,0.0,1.0,,,,0.25,1.0,0.1875,,,,M,U,GT3,,teacher,teacher,,father,no,yes,no,,,yes,,14.0
0.0,1.0,1.0,,,,0.75,,,0.0,0.0,,,0.8421052631578947,,,,U,,T,other,teacher,,father,no,yes,no,yes,yes,yes,no,
,,0.75,0.3333333333333333,0.0,0.0,1.0,0.75,,0.0,,,,,0.7368421052631579,GP,,U,GT3,,other,,home,father,,,no,yes,,yes,yes,15.0
0.2857142857142856,0.25,0.75,0.6666666666666667,,,,0.25,0.75,,0.75,1.0,,0.631578947368421,,,M,R,,T,other,,,father,,yes,no,yes,,yes,yes,
,,1.0,0.0,,0.0,,0.75,,0.0,0.25,0.75,,,0.6842105263157894,,,,GT3,T,other,,,father,no,,no,,yes,,yes,14.0
0.0,,0.5,0.0,,0.0,0.5,0.25,0.5,,0.25,,0.0,0.7368421052631579,0.7368421052631579,,,U,GT3,T,at_home,services,,,,,no,no,no,,,
,0.5,,0.0,,0.0,1.0,,0.75,0.0,0.25,,0.1875,0.7368421052631579,0.6842105263157894,GP,M,U,GT3,T,services,services,home,father,,yes,no,yes,yes,,yes,
0.1428571428571428,0.5,1.0,,0.3333333333333333,,,,,0.0,0.25,,0.0625,,0.631578947368421,GP,F,U,LE3,,other,,course,father,no,,no,,yes,,,13.0
0.1428571428571428,,,0.0,0.0,0.0,,,,,0.75,1.0,,,,GP,M,,,T,health,other,,,no,,,yes,,yes,,
0.1428571428571428,,0.5,0.0,,0.0,,0.75,,0.0,,1.0,0.0,0.631578947368421,,,F,U,,T,,other,,,no,,no,no,,,yes,
0.0,0.75,1.0,,,,,1.0,1.0,,,,0.0625,,0.47368421052631576,,M,U,,,services,,home,father,yes,no,,,yes,,yes,
,0.75,,0.0,0.3333333333333333,0.0,1.0,0.5,0.25,,0.0,0.0,0.0,0.5263157894736842,,GP,F,,LE3,A,other,other,home,,yes,,no,yes,,,yes,
0.5714285714285712,,,0.0,0.3333333333333333,0.6666666666666666,,0.75,0.25,0.0,0.0,1.0,0.0,,0.5263157894736842,,F,,GT3,T,,,,other,no,,no,,no,no,,11.0
,,,,0.0,0.0,0.5,,,0.25,1.0,,0.25,0.7368421052631579,0.7368421052631579,GP,,,GT3,,teacher,teacher,,mother,,no,no,yes,yes,yes,yes,15.0
,,,,0.6666666666666667,0.0,0.5,,0.5,,0.25,0.0,,,,GP,M,U,,T,other,other,,,no,,,,no,yes,yes,13.0
0.0,,1.0,,0.6666666666666667,,,,,,,1.0,0.0,0.5263157894736842,0.5789473684210527,GP,F,R,,,services,teacher,course,,,yes,,no,yes,yes,yes,12.0
0.4285714285714284,0.5,0.25,,,,1.0,0.75,1.0,,,1.0,,0.5263157894736842,0.47368421052631576,GP,,,,T,services,,reputation,mother,,yes,no,,,no,yes,8.0
0.2857142857142856,0.5,,0.6666666666666667,0.0,,0.5,0.25,,0.0,,,,0.5789473684210527,0.5263157894736842,,F,,LE3,A,other,other,,,no,yes,,,,yes,,11.0
0.0,0.25,,0.6666666666666667,,0.0,0.75,,0.5,0.0,0.25,,0.1875,0.5789473684210527,0.631578947368421,GP,,U,GT3,T,at_home,,,,,yes,,,no,yes,yes,13.0
,0.5,0.5,,0.0,0.0,,,,,0.5,1.0,,0.6842105263157894,0.631578947368421,GP,F,,LE3,T,other,other,,father,,yes,no,,yes,,yes,12.0
0.1428571428571428,0.75,1.0,0.0,0.0,0.0,,0.25,,0.0,,,0.375,0.7894736842105263,,,F,U,,,services,,course,father,no,,no,no,yes,yes,yes,14.0
0.1428571428571428,0.5,0.25,1.0,,0.0,0.5,,,0.0,0.0,0.25,,0.47368421052631576,,GP,,,,,,,course,mother,,no,,no,,,no,11.0
0.1428571428571428,0.5,0.5,,,,,0.5,0.75,,0.0,1.0,,,,,,U,,,other,other,home,,,no,,,yes,yes,no,11.0
0.0,,,,,0.0,1.0,0.5,,,,,,0.631578947368421,0.5789473684210527,GP,M,R,,,,teacher,course,,no,yes,,,yes,yes,,11.0
,1.0,1.0,0.0,0.6666666666666667,0.0,0.75,,0.5,,0.0,1.0,0.125,0.6842105263157894,0.7368421052631579,,F,,,,services,at_home,course,mother,,,no,yes,yes,,yes,15.0
,0.75,1.0,0.6666666666666667,,0.0,,,1.0,0.25,,1.0,0.0625,0.5263157894736842,0.47368421052631576,GP,M,,,T,at_home,other,,,no,,no,,yes,yes,,10.0
,0.25,0.25,1.0,0.3333333333333333,0.0,,,0.5,0.0,0.0,0.5,0.0,0.7368421052631579,0.6842105263157894,GP,F,,,,,,course,mother,no,yes,,,,yes,,
0.4285714285714284,0.75,,0.3333333333333333,0.0,0.0,0.5,,,0.75,1.0,0.75,0.0625,0.5789473684210527,0.5789473684210527,GP,M,,LE3,,,services,,,,no,no,yes,,yes,yes,
0.4285714285714284,,0.5,0.0,0.6666666666666667,,0.75,0.5,0.5,1.0,,,0.3125,0.631578947368421,0.5789473684210527,,F,,GT3,A,other,,course,,,yes,no,,no,yes,yes,
0.1428571428571428,,,,0.0,,,,0.5,0.0,,0.0,0.25,0.631578947368421,,GP,F,R,,T,other,services,,,no,yes,,yes,,yes,no,11.0
0.1428571428571428,,0.75,,0.0,0.0,0.75,,0.25,,,1.0,0.125,0.47368421052631576,,,F,U,,A,other,other,course,other,no,yes,,yes,no,yes,,10.0
0.1428571428571428,,0.25,0.0,,0.6666666666666666,0.75,0.75,,,0.5,,0.0,,,,M,U,,,,other,course,mother,no,no,,no,,,no,10.0
0.0,1.0,1.0,,0.0,0.0,0.75,0.5,,0.0,0.0,,0.1875,0.6842105263157894,0.7368421052631579,GP,,,,T,,,course,mother,no,,,,yes,yes,yes,
0.0,,,0.6666666666666667,0.0,,,1.0,,,,,,0.42105263157894735,,GP,F,R,GT3,T,,other,course,mother,no,no,no,,yes,yes,yes,
0.0,,,0.3333333333333333,,0.0,,0.25,,,,,,,0.5789473684210527,,M,,GT3,T,teacher,,,father,,,,,,yes,,11.0
,,0.75,,0.3333333333333333,0.0,,0.5,,0.25,,0.0,,0.47368421052631576,0.42105263157894735,GP,F,U,GT3,,,,,,no,,no,,,yes,no,9.0
0.1428571428571428,,1.0,,,0.0,,,0.5,0.0,,,,,0.6842105263157894,,M,,GT3,,services,,course,,,yes,no,yes,yes,yes,,
,0.5,,,0.0,0.0,,,,,,0.25,0.125,0.631578947368421,,GP,,U,LE3,,,services,,father,,yes,,,yes,,,
,,,0.0,,0.0,,,0.25,,0.0,,0.0625,0.6842105263157894,0.6842105263157894,GP,F,,,T,,,course,,no,yes,no,yes,,,yes,
0.1428571428571428,0.25,0.25,,0.0,0.0,0.5,,0.75,0.5,0.5,0.0,,0.5263157894736842,0.5789473684210527,,F,U,LE3,T,at_home,at_home,,,no,no,no,no,,yes,,11.0
0.2857142857142856,,,0.0,0.0,,1.0,0.75,1.0,0.0,0.25,1.0,0.6875,0.47368421052631576,,GP,,,,,other,,home,mother,no,,no,no,yes,yes,yes,6.0
,0.25,,0.0,,,0.75,0.75,,0.0,0.25,,0.0,,0.631578947368421,GP,,U,,T,other,services,,,,,no,no,yes,yes,yes,12.0
0.0,0.5,,,0.0,,,0.75,0.25,0.0,,,0.0,0.5789473684210527,0.5263157894736842,GP,F,U,,A,at_home,other,home,mother,,yes,,yes,,,yes,10.0
0.0,,0.5,,0.3333333333333333,0.3333333333333333,0.5,,0.25,,0.0,,0.0625,,0.5789473684210527,GP,F,,GT3,T,health,,home,father,,,no,,,yes,yes,
0.0,,,,0.3333333333333333,,,0.5,0.25,,0.0,,0.1875,0.6842105263157894,0.631578947368421,,,,,,at_home,other,course,mother,no,yes,,no,no,yes,yes,
,0.25,,0.0,0.3333333333333333,0.0,0.25,,,0.25,0.75,0.0,,,0.5789473684210527,,F,,GT3,T,at_home,,course,father,no,no,no,no,no,,,
0.1428571428571428,1.0,1.0,,,0.0,0.5,,0.25,,,1.0,,0.47368421052631576,,,,U,GT3,T,,,course,mother,no,,no,no,,no,,8.0
0.0,0.5,0.25,,0.0,,,1.0,1.0,0.25,,1.0,0.0,,,,,U,LE3,A,services,,course,mother,no,,no,,,yes,,11.0
0.4285714285714284,0.25,,,,0.6666666666666666,,,,,1.0,0.75,,0.5789473684210527,0.47368421052631576,GP,M,U,LE3,,other,other,,,no,no,no,no,yes,no,yes,0.0
0.1428571428571428,0.5,,0.0,0.0,,0.75,0.75,,0.5,1.0,1.0,,0.47368421052631576,0.5263157894736842,,M,U,,T,at_home,,,,,no,no,,,,no,
0.0,0.75,,0.3333333333333333,0.6666666666666667,0.0,0.75,,,0.25,,,,,0.6842105263157894,,F,R,GT3,,services,,reputation,other,no,yes,yes,,yes,yes,,13.0
0.5714285714285712,0.75,0.5,0.0,,0.0,,1.0,,,0.0,0.75,,0.5789473684210527,,,M,U,,,,,home,mother,,yes,no,,yes,no,,
0.2857142857142856,1.0,,,0.0,0.0,0.75,0.25,,0.0,0.0,0.75,,0.6842105263157894,0.6842105263157894,GP,F,,GT3,T,other,teacher,course,,yes,,,,yes,yes,no,13.0
0.0,,0.75,,,0.0,,,0.75,0.0,0.0,0.0,0.0,0.3684210526315789,,GP,M,R,GT3,,,services,,mother,,no,yes,,,yes,no,8.0
,0.25,0.5,,0.0,,,,,,0.5,,,,0.42105263157894735,GP,M,R,LE3,,other,other,reputation,,no,,no,no,,yes,,10.0
0.4285714285714284,,,0.6666666666666667,,,,0.25,1.0,,,,,0.5789473684210527,0.5263157894736842,,,,GT3,T,at_home,,,,,yes,no,yes,no,,no,
,0.5,,0.6666666666666667,,0.0,0.75,,0.25,,0.25,0.5,0.125,0.631578947368421,,GP,M,R,,T,at_home,,course,,no,no,no,no,no,,,11.0
,,0.75,,,0.3333333333333333,,1.0,1.0,0.75,,1.0,0.0,0.5263157894736842,,GP,M,U,GT3,T,other,,course,,no,,no,,yes,yes,,
,0.25,0.5,0.3333333333333333,,0.6666666666666666,0.75,0.75,1.0,,,,,,,,M,U,LE3,T,,services,,mother,,no,,,no,,yes,10.0
0.2857142857142856,0.5,0.25,,0.0,0.3333333333333333,0.5,,0.25,0.25,0.25,1.0,,,0.42105263157894735,GP,M,,LE3,T,at_home,other,,mother,,no,,yes,,no,yes,9.0
,,,0.3333333333333333,,0.6666666666666666,0.75,0.75,0.75,0.0,,0.5,0.125,,0.3157894736842105,GP,M,,GT3,,,other,course,mother,,yes,no,,yes,,yes,8.0
,,,,0.0,0.0,,,0.75,0.25,,,0.0625,,,GP,M,U,LE3,T,,,,,no,no,no,yes,,,no,10.0
0.1428571428571428,0.25,0.75,0.0,,0.3333333333333333,1.0,,0.5,,0.75,,0.0625,,0.42105263157894735,,,U,GT3,,,services,course,father,,no,,,yes,no,yes,
0.2857142857142856,0.25,0.25,,,,1.0,,1.0,,1.0,,0.0,0.42105263157894735,,GP,M,R,LE3,,,,,,,no,no,,,no,,
,0.75,0.5,,0.0,1.0,0.75,1.0,0.25,,,0.25,0.3125,0.42105263157894735,0.3684210526315789,GP,,U,GT3,T,services,services,,mother,,yes,no,,no,no,no,
0.1428571428571428,0.5,0.5,,0.3333333333333333,0.0,,,,0.25,0.75,0.75,,0.47368421052631576,,,M,,GT3,,other,other,course,,,no,,no,yes,,,11.0
0.1428571428571428,1.0,0.5,0.0,,0.0,0.75,,,,,0.5,,,,GP,F,U,,T,health,,,,,no,no,no,yes,yes,yes,18.0
,,0.5,,,0.0,1.0,0.0,1.0,0.0,0.0,0.75,0.0,0.631578947368421,0.631578947368421,GP,F,,,,other,,,mother,,yes,,no,no,yes,yes,13.0
,,,0.0,0.3333333333333333,0.0,,0.75,0.25,0.0,0.0,,0.0,0.8421052631578947,,,F,U,GT3,,health,health,reputation,mother,,yes,,no,yes,yes,yes,17.0
0.1428571428571428,0.75,1.0,0.6666666666666667,0.0,,0.5,,1.0,,0.75,0.25,0.125,0.47368421052631576,,,,U,GT3,T,,,course,father,no,yes,no,,no,yes,,10.0
,0.25,,0.3333333333333333,,0.0,0.75,0.5,0.25,0.0,,,,0.8421052631578947,,GP,M,,,,other,,,mother,no,,,,yes,yes,,
0.2857142857142856,1.0,,0.0,,,0.75,0.75,0.75,0.0,0.5,1.0,0.0,0.5789473684210527,0.47368421052631576,,M,U,LE3,,teacher,other,,mother,,,no,yes,yes,,yes,
,,0.75,0.0,0.3333333333333333,0.0,,0.5,1.0,0.0,,0.5,0.0,0.7368421052631579,0.6842105263157894,,F,,GT3,T,,services,home,,no,,no,yes,no,yes,yes,13.0
,0.75,0.75,,0.3333333333333333,0.0,0.75,,,,0.0,,0.0,,0.7368421052631579,,F,,LE3,,other,other,,mother,no,,no,,yes,yes,,15.0
0.2857142857142856,1.0,0.75,0.3333333333333333,0.3333333333333333,,0.75,0.75,0.75,0.75,0.75,0.75,0.0,,0.5789473684210527,GP,,U,LE3,,,,course,,,no,,,,yes,yes,
0.1428571428571428,0.5,,,,0.0,0.5,,0.75,,0.75,1.0,,0.6842105263157894,,GP,,U,,T,,other,,mother,,,no,,,yes,yes,
0.2857142857142856,0.75,,0.0,0.3333333333333333,0.0,,0.5,,,,0.75,0.125,0.5789473684210527,0.47368421052631576,,,,,T,other,,,,no,no,no,yes,no,,,10.0
0.1428571428571428,,0.5,0.0,0.0,0.0,0.75,0.5,,,,,0.25,0.5263157894736842,,GP,,,,,,services,other,mother,,,,yes,,yes,yes,11.0
0.2857142857142856,,,,0.3333333333333333,,,0.25,,0.0,0.0,,,,0.5789473684210527,GP,M,U,GT3,,,other,,,no,yes,yes,yes,,yes,,
0.1428571428571428,,0.75,,0.3333333333333333,,0.5,0.75,,,,,0.125,0.5789473684210527,,,,U,,T,teacher,,home,mother,no,,,yes,yes,yes,yes,11.0
0.1428571428571428,,0.75,0.0,0.3333333333333333,0.0,,0.25,0.5,,0.25,,,,0.631578947368421,GP,M,U,GT3,,,other,,mother,no,no,no,,,yes,,13.0
,0.5,1.0,0.0,,,1.0,,0.25,0.25,0.5,1.0,,0.894736842105263,0.9473684210526315,GP,F,U,,,services,,reputation,father,,,no,,yes,yes,no,17.0
,0.75,,,0.3333333333333333,0.0,,0.5,0.5,,,0.0,1.0,0.7368421052631579,0.6842105263157894,,F,U,LE3,,,,reputation,mother,no,,,yes,yes,yes,,14.0
,,0.5,,,0.0,0.0,0.25,0.25,,,0.0,0.25,0.7368421052631579,,GP,,U,GT3,T,other,other,reputation,mother,,yes,,no,yes,yes,,
0.2857142857142856,0.75,0.75,,0.3333333333333333,0.0,,,0.75,0.25,0.5,0.75,0.1875,0.5789473684210527,,,M,U,GT3,T,,services,,mother,no,yes,no,,yes,,yes,14.0
0.1428571428571428,0.25,,0.0,,0.0,,,0.5,0.0,,,0.0,,,GP,,U,GT3,T,services,services,,,no,,no,yes,,yes,yes,11.0
0.1428571428571428,0.5,0.25,0.0,0.3333333333333333,,,0.25,,,0.25,,0.0,0.6842105263157894,0.7368421052631579,GP,,U,LE3,T,other,,course,,no,no,,,,yes,yes,
0.2857142857142856,,0.75,,0.3333333333333333,0.0,0.5,0.5,0.5,0.0,0.5,0.5,0.3125,,0.6842105263157894,,F,U,GT3,,,other,reputation,,no,yes,no,,no,,yes,
,,,0.0,,,0.5,,,0.0,1.0,0.5,0.1875,0.47368421052631576,,GP,M,R,GT3,,at_home,other,home,,,,no,,,yes,,10.0
,0.5,0.75,0.0,0.3333333333333333,,,,0.5,0.0,0.0,0.25,,0.631578947368421,0.631578947368421,,F,,GT3,T,,services,,mother,no,,no,no,,,yes,13.0
,,,0.0,,,1.0,0.5,,0.0,0.0,,,0.631578947368421,,GP,F,,,T,at_home,services,course,,no,no,no,,,yes,yes,
,0.25,0.5,,,,0.75,0.75,0.75,0.75,,1.0,0.5,,,GP,M,,GT3,T,,,,other,,,no,yes,,yes,yes,12.0
0.1428571428571428,,0.75,0.0,0.0,0.0,0.75,,0.25,0.5,0.75,,0.0,0.5789473684210527,,GP,M,R,GT3,T,,services,reputation,mother,no,yes,,yes,,,,10.0
,,,,0.0,0.0,,0.5,0.5,0.0,,0.5,,,,GP,,,,T,other,,home,father,no,,no,,yes,,,
0.2857142857142856,,1.0,,0.3333333333333333,0.0,0.75,0.5,0.25,,0.0,,0.25,0.7368421052631579,,,F,U,LE3,T,services,services,,,no,no,no,yes,,yes,,
0.2857142857142856,,1.0,0.0,0.0,,,,0.5,0.0,0.25,,0.125,,,GP,M,,,T,,,home,mother,no,no,no,,yes,yes,,14.0
,,,0.6666666666666667,0.0,0.0,0.5,,,,,,0.5,0.5263157894736842,0.5789473684210527,,M,,,T,teacher,,home,,no,yes,no,,,yes,yes,
0.2857142857142856,1.0,1.0,0.3333333333333333,0.0,0.3333333333333333,0.75,,,,0.5,,0.9375,,,GP,,,,T,services,teacher,home,mother,,,no,,,yes,yes,
,1.0,1.0,0.0,0.3333333333333333,0.0,0.75,1.0,,0.0,,,0.0,0.5789473684210527,0.5263157894736842,,F,U,LE3,,,teacher,,mother,no,,,,yes,,yes,11.0
0.1428571428571428,,,0.0,0.3333333333333333,0.0,,,1.0,,1.0,0.25,,0.7368421052631579,0.7368421052631579,,F,,,,health,other,home,,no,,no,yes,,,yes,
0.1428571428571428,,,0.0,0.3333333333333333,0.0,,,,0.0,0.5,0.75,0.125,,0.631578947368421,GP,F,,,T,,,,mother,,,,yes,yes,yes,no,12.0
,,,,,0.0,0.75,0.75,0.75,,,0.0,0.0,,0.7894736842105263,GP,F,U,,,other,,course,mother,,yes,no,,no,yes,no,
0.2857142857142856,0.5,,,0.0,,1.0,0.5,0.25,,0.25,,0.65625,0.6842105263157894,0.6842105263157894,GP,F,,GT3,T,,,reputation,,no,yes,,no,,yes,yes,13.0
0.1428571428571428,0.5,0.5,,,0.0,1.0,0.5,1.0,,0.0,1.0,,,0.6842105263157894,,,,GT3,T,services,services,,mother,,,no,yes,,,yes,
,,,0.0,,,0.75,0.75,,,,1.0,0.4375,0.42105263157894735,0.47368421052631576,GP,F,U,,T,,,home,,no,yes,yes,no,,yes,yes,8.0
0.1428571428571428,,0.25,,0.3333333333333333,,0.25,,,0.25,0.25,0.75,0.0625,0.5789473684210527,0.5789473684210527,,F,,GT3,A,services,other,course,mother,,yes,,no,,,,12.0
0.1428571428571428,,0.75,,0.3333333333333333,0.0,0.0,0.5,,0.0,0.0,0.0,0.125,,0.7894736842105263,GP,,,,T,teacher,,,mother,no,,,yes,,,yes,15.0
,,,,0.0,0.0,0.75,0.5,0.25,,0.75,1.0,0.0625,,0.6842105263157894,GP,F,,GT3,T,at_home,other,,,,yes,,no,yes,,no,13.0
0.2857142857142856,1.0,0.75,,0.6666666666666667,,0.75,,0.25,0.0,0.0,,0.0,0.5789473684210527,0.631578947368421,,F,R,,T,teacher,other,,mother,no,yes,no,yes,yes,,yes,12.0
,,0.75,0.0,,0.0,,0.5,0.5,0.0,,0.5,,0.631578947368421,0.631578947368421,GP,,U,GT3,,other,other,reputation,other,no,,no,yes,,yes,yes,12.0
,,1.0,,0.3333333333333333,,,0.5,,0.75,1.0,,,0.6842105263157894,,GP,M,U,LE3,T,services,,,,no,yes,no,,yes,yes,,12.0
,0.5,,0.0,0.3333333333333333,0.0,0.5,0.5,0.75,0.0,,0.75,,,0.6842105263157894,GP,,U,GT3,A,,other,,mother,,,no,no,,,yes,
0.4285714285714284,,,,0.3333333333333333,,,0.75,0.75,,0.75,1.0,,,0.5789473684210527,GP,M,,,T,,other,home,,no,yes,no,,,yes,,11.0
,1.0,,0.0,,0.0,,0.25,,0.0,0.25,,0.1875,,0.5789473684210527,GP,,,,T,,other,other,mother,,yes,no,no,,,,11.0
,0.75,,0.3333333333333333,0.3333333333333333,0.0,,,,,0.5,0.0,0.0625,,0.8421052631578947,GP,F,,LE3,T,other,other,,,no,no,,no,yes,yes,,15.0
0.2857142857142856,1.0,0.75,0.0,0.3333333333333333,,0.5,0.75,,0.25,0.75,0.0,,0.5789473684210527,,,F,U,GT3,,other,,reputation,mother,no,,,no,,yes,yes,
0.4285714285714284,0.75,,,,0.0,0.5,,,0.25,0.75,0.75,,,0.5263157894736842,GP,,U,LE3,T,,health,home,father,,,,no,,yes,,10.0
0.2857142857142856,,,,0.0,0.0,,0.5,,,,0.5,,,,,F,,,T,,other,home,,no,,no,no,,yes,no,13.0
0.2857142857142856,0.5,,,0.6666666666666667,,0.75,,,,0.0,0.75,0.0,,0.631578947368421,,F,U,,T,at_home,,course,mother,,,no,yes,yes,yes,yes,13.0
0.2857142857142856,0.5,,,,0.0,0.75,,,0.0,,1.0,0.0,0.5789473684210527,,,F,R,GT3,,at_home,services,reputation,mother,,,no,yes,,,yes,
,0.25,0.25,0.0,,0.0,0.75,0.5,0.75,,,,,0.631578947368421,0.631578947368421,GP,F,,GT3,,,,reputation,mother,,,no,,yes,yes,no,12.0
0.1428571428571428,0.5,0.75,0.0,,0.0,0.25,0.5,0.0,0.0,,0.5,0.0,0.6842105263157894,0.6842105263157894,,F,,,T,,teacher,,,yes,no,no,no,yes,,,
0.4285714285714284,0.5,0.5,0.3333333333333333,0.3333333333333333,,,0.5,0.5,1.0,,0.75,,,0.47368421052631576,,M,,GT3,T,,other,,mother,,,,,yes,,,10.0
,1.0,1.0,0.0,0.6666666666666667,0.0,,0.5,0.25,0.0,0.0,1.0,0.125,0.7894736842105263,0.8421052631578947,GP,,U,GT3,,,services,,,no,,no,,,yes,yes,
,0.75,,,,0.0,1.0,0.5,0.5,0.0,0.0,0.75,,0.42105263157894735,0.42105263157894735,GP,,,GT3,T,other,,reputation,mother,no,no,no,yes,yes,yes,,
0.2857142857142856,0.75,0.5,0.0,,0.0,1.0,,,0.0,,0.5,,0.894736842105263,0.9473684210526315,GP,F,U,,,other,other,course,,,,no,yes,no,yes,,
,0.5,,0.0,,0.0,1.0,0.5,0.5,0.0,,0.5,0.0,,,GP,M,U,LE3,,,services,,father,no,,no,,no,,yes,
0.4285714285714284,0.5,,1.0,,0.0,,0.5,,0.75,,0.5,,0.47368421052631576,0.5263157894736842,,M,,,T,at_home,other,,,,yes,no,yes,,,,
,0.5,0.25,0.3333333333333333,0.6666666666666667,,0.5,,0.5,0.0,,0.5,,0.7894736842105263,0.7894736842105263,,F,U,GT3,,other,,,,,,no,,,,yes,16.0
,,,,,0.0,,0.25,,0.0,0.25,0.5,,,0.631578947368421,GP,F,U,LE3,,health,,,father,,no,,yes,yes,yes,,12.0
0.2857142857142856,0.5,,0.3333333333333333,0.3333333333333333,0.0,0.75,1.0,,,,0.0,0.0,,0.6842105263157894,GP,M,,,,,,,father,,yes,,,,,yes,
0.2857142857142856,1.0,1.0,0.0,0.3333333333333333,,0.75,,,0.0,0.5,0.25,,0.6842105263157894,,,,U,,T,teacher,teacher,reputation,mother,yes,yes,,yes,yes,,,13.0
,1.0,,0.0,,0.0,0.75,0.25,0.75,,,,0.0,,,GP,M,U,,,health,,reputation,father,no,,no,yes,yes,,,
0.1428571428571428,0.25,,0.3333333333333333,,0.0,0.5,,,,0.0,1.0,0.0625,,0.47368421052631576,,M,,LE3,T,other,other,,,no,,,no,yes,,,
0.1428571428571428,0.75,0.5,0.3333333333333333,,0.0,1.0,,0.5,0.0,0.5,0.25,,,0.631578947368421,,M,U,GT3,T,at_home,other,reputation,,,,,,,yes,yes,
0.2857142857142856,0.5,,0.0,0.3333333333333333,,0.75,,0.25,,1.0,0.75,0.0,,0.8421052631578947,GP,M,U,LE3,T,other,other,home,father,,no,no,,no,yes,,16.0
,,0.25,,,0.0,,1.0,0.25,,,1.0,0.125,,0.5263157894736842,,F,,,,other,other,home,,,,no,no,yes,,yes,
0.1428571428571428,,0.25,,0.3333333333333333,0.0,1.0,0.5,0.5,0.0,0.25,,0.0,0.7368421052631579,,GP,,,,,other,other,home,mother,,no,no,yes,yes,yes,yes,13.0
,,1.0,0.3333333333333333,0.3333333333333333,0.3333333333333333,,,0.5,0.0,,0.5,0.5625,0.5263157894736842,0.5263157894736842,,F,U,LE3,,services,,,mother,,yes,,no,,,,10.0
0.4285714285714284,,0.5,0.0,0.3333333333333333,,1.0,,,0.0,0.0,,,0.47368421052631576,0.42105263157894735,,F,,,T,,,course,mother,,yes,no,,no,,yes,10.0
0.4285714285714284,,0.75,0.3333333333333333,,,,0.0,0.0,,0.0,0.5,0.4375,,0.3684210526315789,,,U,,,,,,mother,,,,no,yes,,yes,
,,,,0.0,,0.75,,,0.25,0.25,,0.8125,,,,,,,T,,at_home,,other,no,,,yes,no,,,8.0
,1.0,,,0.0,0.0,,0.25,0.0,0.0,,1.0,0.1875,0.5263157894736842,0.42105263157894735,,M,U,,T,,teacher,,mother,no,yes,no,yes,,yes,yes,9.0
,0.75,0.5,0.0,,,1.0,,0.25,,0.0,,0.125,0.7368421052631579,,,,U,GT3,T,other,other,,,,no,no,,yes,yes,no,
,0.25,0.25,0.0,,,0.75,0.5,0.25,0.0,,0.75,0.3125,,0.5263157894736842,,,,,,at_home,at_home,course,,,yes,,,yes,yes,yes,10.0
,0.25,,0.0,,0.0,,0.5,1.0,0.0,0.25,1.0,0.125,0.631578947368421,0.5789473684210527,GP,F,U,GT3,T,other,other,,mother,no,no,no,,yes,no,yes,
0.2857142857142856,0.5,,,,0.0,,,0.0,,,0.5,0.0625,0.6842105263157894,0.6842105263157894,GP,F,,,T,,services,course,,,,no,yes,yes,,no,13.0
,0.25,1.0,,0.0,,1.0,,0.75,0.0,0.0,1.0,0.4375,0.47368421052631576,0.47368421052631576,GP,F,R,LE3,A,other,,,,no,,no,no,,yes,,
0.4285714285714284,0.5,0.5,,0.3333333333333333,,,,,,,0.25,,,,GP,,U,GT3,,other,,reputation,father,,,no,no,,no,yes,8.0
,0.5,0.5,,0.0,0.3333333333333333,0.5,,0.25,,0.0,,0.25,0.5789473684210527,,GP,F,,LE3,A,,,,,no,,no,no,,no,yes,10.0
,,0.25,0.3333333333333333,0.6666666666666667,0.0,,0.5,,,0.5,,0.125,0.7894736842105263,,GP,F,R,,,at_home,,,mother,,no,,yes,yes,,,15.0
0.2857142857142856,1.0,,,0.3333333333333333,0.0,0.75,0.5,0.25,0.0,,0.75,0.125,,0.7368421052631579,GP,F,U,LE3,,teacher,other,course,,,yes,no,yes,yes,yes,no,14.0
,1.0,0.75,,,,0.25,,1.0,0.0,0.75,1.0,,0.7894736842105263,0.7894736842105263,GP,,U,LE3,T,health,other,course,mother,no,,,,,,yes,
0.2857142857142856,,,,,0.0,0.5,,0.5,0.25,0.5,0.75,0.0,0.631578947368421,0.631578947368421,,M,R,LE3,A,teacher,,course,mother,no,yes,no,,yes,yes,yes,
0.1428571428571428,1.0,0.75,0.0,0.0,,,0.75,1.0,,,,0.21875,,0.7368421052631579,GP,,U,,T,,other,course,,,no,,yes,no,yes,yes,15.0
0.1428571428571428,1.0,,,0.0,0.0,1.0,,0.25,,,1.0,,0.7368421052631579,,GP,M,,,T,services,services,,mother,no,no,yes,,,yes,yes,
0.2857142857142856,,,,,0.0,1.0,,,0.0,,1.0,,0.5789473684210527,,,,,GT3,T,,,course,mother,no,yes,yes,no,yes,yes,,
,0.25,0.25,0.3333333333333333,,0.0,0.75,,0.5,0.0,0.0,0.0,0.0625,0.6842105263157894,0.7368421052631579,GP,,R,,,other,other,home,,,,,no,,yes,,15.0
,,,0.3333333333333333,0.6666666666666667,0.0,0.75,,0.25,0.25,,,,,0.5789473684210527,,,,GT3,T,,,,mother,,yes,no,no,,yes,yes,
,,,,0.3333333333333333,0.0,0.75,,0.25,,0.0,,,0.5263157894736842,,GP,F,U,GT3,T,,other,course,,,no,no,no,,yes,,10.0
0.4285714285714284,,0.25,0.3333333333333333,0.6666666666666667,0.0,0.75,0.75,,,,0.5,0.3125,,0.5263157894736842,GP,F,,GT3,,,other,,,no,,no,,,,,11.0
0.1428571428571428,0.5,0.25,,0.0,0.0,0.75,,0.5,0.0,,0.75,,0.7894736842105263,0.8421052631578947,GP,M,,GT3,T,,other,course,,,,no,no,yes,yes,yes,16.0
,0.25,0.25,0.0,0.3333333333333333,,0.75,,0.75,,0.25,,,,,,F,U,,,other,services,course,father,,,,no,yes,yes,,
,0.5,,0.3333333333333333,,0.0,1.0,0.25,0.25,0.0,0.0,0.25,0.0625,0.47368421052631576,0.631578947368421,GP,M,,,T,other,other,course,father,no,,no,no,,yes,yes,
,0.75,,,,1.0,1.0,0.75,,1.0,,,0.375,,0.42105263157894735,GP,,U,GT3,T,,services,,mother,,no,,,no,no,yes,5.0
,0.75,0.75,,0.3333333333333333,0.0,0.75,0.5,0.5,,,1.0,,,0.47368421052631576,GP,,R,LE3,,other,services,course,mother,,yes,,no,yes,yes,,
,0.0,,0.0,,0.0,,0.5,0.25,0.25,0.75,1.0,0.0,,,GP,M,U,,,,,,,,no,,no,,yes,yes,
0.4285714285714284,,0.5,,0.0,0.0,,0.75,,0.25,0.75,1.0,,0.3684210526315789,0.42105263157894735,,,,GT3,,services,,,mother,no,no,no,no,,,yes,7.0
0.1428571428571428,,,,0.3333333333333333,0.3333333333333333,1.0,,0.5,0.0,,0.25,,,0.5789473684210527,GP,M,U,,T,at_home,other,reputation,,,yes,,no,,,,10.0
,0.5,0.25,,0.0,0.6666666666666666,0.5,0.25,,,1.0,,0.125,0.3684210526315789,,GP,,,,T,,services,other,mother,no,no,,no,no,no,yes,6.0
0.1428571428571428,0.5,0.25,0.3333333333333333,,0.0,0.5,0.5,0.25,0.0,,0.5,0.0625,,0.6842105263157894,GP,M,,GT3,T,other,,course,mother,no,no,,yes,no,yes,no,12.0
,0.5,,,0.0,0.0,0.75,0.75,0.25,0.25,0.75,,0.0,0.631578947368421,0.631578947368421,,,,,T,,,,,,no,no,,no,yes,,13.0
0.2857142857142856,0.25,0.25,,0.0,0.3333333333333333,0.75,,0.75,0.0,0.25,,0.0,0.47368421052631576,0.5263157894736842,GP,M,U,LE3,T,health,,course,mother,no,yes,no,yes,,yes,,
0.4285714285714284,0.5,0.25,,,0.0,0.75,,0.75,0.0,0.5,1.0,,0.631578947368421,0.631578947368421,,F,U,LE3,,,,course,mother,,yes,no,no,no,yes,yes,13.0
,,,0.0,,,0.75,,,,0.0,,0.0625,0.7368421052631579,0.7894736842105263,GP,F,,,,,,,mother,no,,no,,,yes,,
0.5714285714285712,0.5,0.5,,0.3333333333333333,0.0,0.75,0.5,0.5,,0.0,1.0,0.0,0.5263157894736842,0.5263157894736842,GP,F,U,GT3,,,services,home,mother,no,,,no,,,,
0.4285714285714284,,0.25,,0.3333333333333333,,0.75,0.75,,0.75,0.75,1.0,,0.5789473684210527,0.5263157894736842,,,U,LE3,T,services,other,,,no,no,,yes,no,no,yes,11.0
,1.0,0.5,0.0,0.6666666666666667,0.0,,,0.75,,,1.0,0.0625,,0.631578947368421,GP,F,R,GT3,,,other,course,mother,no,yes,no,,,yes,,
0.4285714285714284,0.25,0.25,,,,0.75,,0.5,0.25,0.5,,0.125,0.5789473684210527,0.631578947368421,GP,,U,,,,at_home,home,,no,,no,,,yes,,14.0
,0.5,,0.0,0.3333333333333333,,0.5,,0.5,,0.0,1.0,0.125,0.5789473684210527,0.5789473684210527,GP,F,R,,T,other,other,home,,yes,,,,yes,,,13.0
,,,,0.3333333333333333,,0.75,0.5,,,0.0,0.0,,,0.6842105263157894,,,U,LE3,,services,,reputation,mother,no,yes,no,no,yes,,yes,14.0
0.4285714285714284,,0.25,0.0,0.3333333333333333,0.0,,,,,0.25,0.75,0.0625,0.8421052631578947,,,,,GT3,,,,home,mother,no,no,no,,yes,yes,yes,16.0
,0.5,,0.3333333333333333,,,1.0,0.25,,0.0,0.0,,0.0,0.47368421052631576,0.5263157894736842,,,R,GT3,T,,services,other,,no,no,,no,,no,no,10.0
0.2857142857142856,0.5,,0.0,,,,0.75,,,,,0.0625,0.5263157894736842,,GP,F,U,LE3,T,,services,course,father,no,,no,yes,,,yes,12.0
0.714285714285714,0.5,0.25,,,,,,0.5,0.0,,,,0.5263157894736842,,,F,R,,T,,other,course,,no,,,,yes,,,
,1.0,,,0.3333333333333333,0.0,0.5,0.0,,0.0,0.5,,0.0625,,0.7894736842105263,GP,F,U,GT3,,services,,,father,,,no,no,,,,15.0
,1.0,,,0.3333333333333333,,0.75,,0.25,0.0,,,,0.5263157894736842,0.5263157894736842,GP,M,,,,,,course,mother,no,,no,no,no,,,
,0.75,,,0.6666666666666667,0.0,1.0,0.5,,,,0.5,0.0625,,0.5789473684210527,,M,,,T,other,other,,,,no,no,yes,,yes,no,12.0
,0.75,0.75,0.0,0.6666666666666667,,0.5,0.25,,,,0.75,,0.7894736842105263,,GP,,,GT3,T,,,,mother,no,no,no,yes,,yes,no,
,,,0.0,0.6666666666666667,0.0,0.75,0.5,0.5,,,0.5,,,0.631578947368421,GP,,U,GT3,,,services,,,no,yes,,,,yes,,13.0
0.2857142857142856,,0.5,0.3333333333333333,0.0,,0.75,0.75,0.75,,0.5,,,0.42105263157894735,0.42105263157894735,GP,M,U,,T,,,home,father,no,no,,,yes,,,9.0
,,1.0,0.3333333333333333,0.3333333333333333,0.0,0.75,0.25,1.0,,,0.0,0.1875,0.7894736842105263,0.8421052631578947,GP,M,R,,A,,other,reputation,mother,no,yes,,,yes,yes,yes,
0.2857142857142856,0.75,0.25,0.0,0.3333333333333333,0.0,1.0,0.75,,0.5,,,0.0,,0.5789473684210527,GP,M,U,,T,,other,other,,no,no,no,yes,,yes,yes,14.0
,1.0,,,0.3333333333333333,0.0,0.75,0.5,0.75,,0.25,,0.25,,,GP,,,GT3,,,,reputation,mother,no,no,,yes,,yes,yes,12.0
,,0.5,,0.3333333333333333,0.0,1.0,,1.0,0.0,0.5,,,,,GP,M,,GT3,,,,,father,,yes,no,yes,,,,14.0
,0.5,0.25,0.3333333333333333,0.3333333333333333,,0.75,0.5,1.0,0.0,0.25,,,,,,F,R,GT3,T,other,,,mother,,,,,yes,no,yes,10.0
,,,,0.3333333333333333,0.0,0.75,,1.0,0.5,0.5,1.0,0.5,0.5789473684210527,0.631578947368421,,F,,,T,other,,home,,no,yes,no,yes,,yes,,12.0
0.4285714285714284,0.5,,,,0.0,0.75,,1.0,0.0,,0.25,0.3125,0.8421052631578947,,,,,,T,other,services,,father,no,yes,no,yes,yes,,yes,
,,,,,,0.75,,0.5,,0.0,0.5,0.0625,0.6842105263157894,,GP,F,U,LE3,,other,,home,,no,,,no,no,yes,,
0.2857142857142856,0.25,0.5,0.0,0.3333333333333333,0.0,0.5,1.0,0.25,0.25,0.25,,,,0.894736842105263,,,R,GT3,T,at_home,at_home,home,mother,no,,no,,,yes,,18.0
0.4285714285714284,0.5,0.25,0.0,,0.0,0.75,0.25,1.0,,,,,0.7368421052631579,0.7368421052631579,,F,U,,,other,other,home,,no,,,no,,,,
0.2857142857142856,0.5,,,,0.0,,0.5,,,0.0,0.0,,0.7894736842105263,0.8421052631578947,GP,F,U,GT3,,at_home,health,,,,yes,no,no,,yes,yes,
0.2857142857142856,0.5,0.5,0.3333333333333333,0.3333333333333333,,0.75,,,,0.5,1.0,,,0.631578947368421,GP,F,U,LE3,,services,,course,,yes,yes,no,,yes,,,
0.4285714285714284,0.75,0.5,0.3333333333333333,0.3333333333333333,0.0,,,0.0,0.0,0.0,1.0,,,0.47368421052631576,,,R,,A,other,services,,,no,,,,,,yes,
,1.0,1.0,,,0.0,0.5,0.25,0.75,,0.75,,0.1875,0.5789473684210527,0.631578947368421,,,U,GT3,T,,,home,,no,no,no,yes,yes,,yes,
0.4285714285714284,,1.0,,,0.3333333333333333,,0.75,0.75,,0.0,,,0.7368421052631579,0.631578947368421,,F,U,GT3,,health,health,reputation,father,yes,,no,,,yes,,13.0
0.2857142857142856,,0.5,0.6666666666666667,0.6666666666666667,0.0,,0.25,0.5,,0.0,0.0,,,0.7894736842105263,,F,,GT3,,,services,reputation,father,no,,,no,yes,yes,,15.0
,0.75,0.5,,0.3333333333333333,,0.5,,0.5,,0.5,0.5,0.0,,0.42105263157894735,,F,,GT3,,,,reputation,,yes,yes,no,no,,no,,10.0
,1.0,,0.3333333333333333,,0.0,,0.25,0.5,0.0,0.25,0.0,0.0,0.5263157894736842,0.5263157894736842,GP,,U,LE3,,teacher,,,mother,no,no,no,yes,,,yes,
0.4285714285714284,0.25,,0.3333333333333333,0.0,0.0,0.5,0.75,,0.25,0.75,0.75,0.3125,0.5263157894736842,,GP,M,,,T,at_home,other,home,other,no,no,,no,no,no,yes,11.0
,,,,0.0,,,1.0,0.75,,0.75,1.0,,,0.5789473684210527,GP,M,,LE3,A,,other,home,,no,no,,yes,,yes,,
0.2857142857142856,0.75,0.5,,,0.0,0.75,,0.75,0.5,0.75,0.5,,0.6842105263157894,,GP,M,U,LE3,A,teacher,services,home,mother,,,,no,yes,yes,yes,13.0
,,0.25,,1.0,0.0,1.0,0.25,0.25,,0.0,0.5,,,0.894736842105263,,,R,LE3,,,other,,mother,no,,,,,,no,
0.4285714285714284,0.25,,,,,1.0,,0.75,0.0,0.0,0.75,0.0,,,GP,,U,GT3,T,other,other,home,mother,yes,no,no,yes,yes,yes,yes,
0.2857142857142856,,0.5,0.0,0.3333333333333333,,1.0,0.75,,,0.25,1.0,,0.631578947368421,0.631578947368421,GP,F,U,GT3,T,,,course,mother,no,yes,no,no,,yes,,14.0
,0.5,,,,0.0,0.75,0.5,0.0,0.0,0.0,1.0,,,0.6842105263157894,GP,F,U,,T,other,other,reputation,mother,no,,,yes,yes,,yes,14.0
0.2857142857142856,,0.25,0.0,0.3333333333333333,0.0,,0.5,,,0.25,0.75,0.0,,0.631578947368421,GP,M,U,GT3,T,,,,father,no,no,,,,,yes,12.0
0.4285714285714284,0.5,0.5,0.0,,0.0,0.75,0.5,,,,0.25,0.0,0.9473684210526315,0.9473684210526315,,F,U,GT3,T,,,other,mother,no,yes,no,no,yes,yes,,18.0
0.2857142857142856,0.25,0.25,0.0,0.6666666666666667,,0.75,0.5,0.5,,,,0.0,,0.6842105263157894,,,,,T,services,teacher,,,no,yes,,no,yes,,yes,
0.4285714285714284,,0.25,,0.6666666666666667,,0.75,0.25,0.75,0.0,0.5,,,0.7368421052631579,,GP,,U,GT3,T,services,,reputation,,no,no,no,,,,,
0.4285714285714284,,1.0,0.0,0.3333333333333333,,,0.75,,0.0,,0.25,0.0,0.894736842105263,,,M,U,,,,teacher,,mother,no,yes,no,yes,yes,,yes,17.0
0.4285714285714284,1.0,,0.0,,0.0,,0.5,,0.0,0.75,,0.0625,0.7894736842105263,0.8421052631578947,,M,U,GT3,T,teacher,,,,,yes,no,,yes,yes,yes,16.0
0.2857142857142856,,,,0.6666666666666667,,0.75,,0.25,,,,0.0,,0.9473684210526315,,,U,,T,health,,,,no,yes,no,no,,yes,yes,18.0
0.2857142857142856,0.75,,0.3333333333333333,1.0,,0.5,,0.25,0.0,,0.5,0.0,0.9473684210526315,,,,,LE3,T,services,other,reputation,mother,no,yes,no,,,yes,no,19.0
0.4285714285714284,,0.5,,0.6666666666666667,0.0,,0.75,0.25,,0.0,0.75,0.0,,,GP,,R,,T,services,,,mother,no,,no,,yes,yes,,15.0
,,,0.0,0.0,0.0,,,0.5,,0.5,,0.0,,0.7894736842105263,,,,,,health,other,home,mother,no,yes,no,no,yes,,,15.0
,1.0,1.0,,,0.0,0.25,,0.75,0.25,,,0.0625,,0.6842105263157894,GP,F,U,GT3,,,other,reputation,,no,,,,yes,yes,,
,1.0,,0.3333333333333333,,0.0,,0.75,,,0.25,0.25,0.0,0.6842105263157894,0.7368421052631579,GP,,U,LE3,,other,,,other,no,,,no,,yes,yes,14.0
0.4285714285714284,1.0,0.75,0.0,1.0,0.0,0.75,,,,,,0.0,0.8421052631578947,0.894736842105263,GP,F,U,GT3,,other,other,,father,no,,no,,,yes,yes,17.0
0.4285714285714284,,1.0,0.0,0.0,,0.0,0.75,0.25,0.25,,0.0,0.0,,0.9473684210526315,GP,M,U,,T,teacher,,,,no,yes,no,no,yes,,yes,17.0
0.4285714285714284,1.0,1.0,0.0,,0.0,,,0.75,,,,0.0,0.7368421052631579,0.7894736842105263,,F,U,,A,health,,home,mother,,,,,yes,yes,,15.0
,,,0.3333333333333333,0.0,,,0.0,0.0,,,1.0,0.0,,0.6842105263157894,GP,M,U,LE3,T,,,home,,no,no,no,no,,yes,yes,
0.2857142857142856,,1.0,0.3333333333333333,,0.0,1.0,,,0.0,0.0,1.0,0.0,0.3684210526315789,0.3684210526315789,GP,F,,,T,,services,reputation,,no,yes,no,,,yes,yes,
,1.0,0.5,0.3333333333333333,0.6666666666666667,0.0,,0.5,,0.0,0.0,,0.0,0.8421052631578947,,GP,,U,GT3,,other,,reputation,mother,,,no,no,,yes,,
0.2857142857142856,,0.5,0.0,1.0,0.0,1.0,0.25,0.25,0.0,0.25,,0.0,0.9473684210526315,0.9473684210526315,GP,F,U,,T,,health,reputation,,,yes,,,no,,yes,18.0
,,0.25,0.3333333333333333,0.6666666666666667,0.3333333333333333,0.75,,,,,1.0,0.0,,0.5263157894736842,,M,R,LE3,T,,services,course,mother,no,no,no,yes,,yes,yes,11.0
,0.75,,0.0,0.0,0.6666666666666666,1.0,,,0.0,,1.0,,0.7368421052631579,0.7894736842105263,,,U,GT3,A,services,other,,other,,,no,,,,no,15.0
0.5714285714285712,0.75,0.75,,0.3333333333333333,,,,0.5,,,,,0.5263157894736842,0.5263157894736842,GP,,,GT3,,other,,reputation,,no,no,no,,yes,yes,,
0.4285714285714284,,1.0,,0.3333333333333333,,0.5,,,,0.25,,0.0625,,,GP,F,U,GT3,T,other,teacher,,mother,yes,yes,,,no,,no,
0.4285714285714284,,0.25,,0.3333333333333333,0.0,,0.5,,,0.25,0.0,,,,GP,,U,GT3,,,other,,,,yes,no,,,yes,yes,15.0
0.2857142857142856,0.5,0.75,,,0.0,0.75,0.25,,0.0,0.0,,0.0625,0.5789473684210527,0.631578947368421,GP,F,U,,,other,other,course,father,,no,,yes,yes,yes,,
0.2857142857142856,1.0,1.0,,0.0,0.0,,0.75,,0.0,0.0,1.0,0.0625,0.7894736842105263,,GP,F,,,T,,,course,,no,,no,yes,yes,,yes,17.0
0.4285714285714284,,,0.0,,0.0,,0.5,0.75,0.0,0.0,1.0,0.0625,0.7368421052631579,0.7894736842105263,GP,,U,,T,other,other,course,mother,,yes,,yes,,,yes,
0.4285714285714284,,0.75,0.3333333333333333,,,0.5,,0.75,,,0.0,,0.631578947368421,,,F,U,LE3,,health,services,,mother,no,,no,no,,yes,,15.0
0.2857142857142856,0.75,1.0,,0.6666666666666667,0.0,0.75,0.5,,,,1.0,,0.7894736842105263,0.7894736842105263,,F,R,GT3,,,,,father,no,,no,yes,,,yes,17.0
0.4285714285714284,,,,0.3333333333333333,0.0,,0.0,0.75,0.0,0.0,,0.25,,,GP,F,U,GT3,T,at_home,,course,father,no,yes,no,no,yes,yes,,14.0
0.5714285714285712,1.0,0.5,0.3333333333333333,0.3333333333333333,0.0,,0.75,0.75,,0.0,0.0,0.28125,,,GP,,U,,T,,,course,,no,yes,no,yes,,,yes,10.0
0.4285714285714284,1.0,1.0,,0.3333333333333333,0.0,0.75,0.75,,,0.5,1.0,0.0,,,GP,,U,GT3,T,,other,,,,,no,,,yes,,13.0
,,1.0,,0.0,,,,,,0.0,0.0,,0.5789473684210527,0.631578947368421,GP,F,U,,,other,other,course,mother,no,yes,no,yes,,,,14.0
,1.0,,0.0,,,1.0,0.5,0.75,0.0,,,0.0625,0.7368421052631579,0.7894736842105263,GP,F,,GT3,T,health,,,,,no,,,,yes,yes,
,,0.75,,0.3333333333333333,0.0,,0.25,,0.0,,1.0,0.4375,0.7894736842105263,,,F,U,GT3,,,services,,,,yes,no,no,,yes,yes,
0.2857142857142856,0.75,,0.0,,0.0,,,,0.0,0.0,1.0,0.0,0.631578947368421,,GP,,,LE3,,,other,home,mother,yes,yes,no,,,yes,,13.0
0.2857142857142856,,,,,,0.75,0.25,0.5,,,0.25,0.0625,0.5789473684210527,0.631578947368421,GP,F,,LE3,,other,other,,,,,,,,,yes,
,1.0,1.0,0.0,,0.0,0.75,0.25,1.0,0.5,0.75,1.0,0.0625,0.42105263157894735,0.47368421052631576,,M,,LE3,T,,other,,,,,,no,yes,,yes,
,,0.25,0.6666666666666667,,,,1.0,1.0,,0.5,,0.375,0.5263157894736842,0.5263157894736842,GP,F,,,T,,,course,other,no,no,no,,yes,no,,
,0.25,0.25,0.6666666666666667,0.3333333333333333,,1.0,0.5,,0.0,,0.75,0.0625,0.42105263157894735,0.42105263157894735,,F,,LE3,A,other,,course,other,no,,,,no,yes,yes,
,0.5,0.5,0.0,0.0,0.0,0.75,0.5,1.0,,,,0.0625,,,,F,,GT3,,,other,,,,yes,no,,,yes,yes,10.0
0.2857142857142856,0.5,0.5,0.0,0.3333333333333333,,0.75,0.25,,0.0,0.0,0.5,0.125,0.7368421052631579,,GP,F,,,T,,other,,,no,,no,no,,,,
0.2857142857142856,0.5,,0.0,,,,0.5,0.25,0.25,,,0.0,0.5789473684210527,0.5789473684210527,,,R,LE3,T,services,services,course,mother,no,yes,,,yes,yes,yes,
,0.75,,,,0.0,,0.75,0.5,0.25,0.5,,,,0.9473684210526315,,,U,,,services,services,,,no,,no,,no,,yes,
0.2857142857142856,,,0.3333333333333333,0.6666666666666667,0.0,0.5,0.5,0.5,0.25,0.5,,0.0,0.7368421052631579,,GP,,U,,,at_home,at_home,home,father,no,,no,no,yes,,yes,
0.4285714285714284,0.25,0.25,0.3333333333333333,,0.0,0.75,,1.0,,0.25,0.25,0.0,,,GP,F,,,,other,other,home,mother,no,no,,yes,yes,yes,yes,14.0
0.4285714285714284,1.0,,0.0,0.6666666666666667,,0.75,0.5,,0.25,0.25,0.5,,0.6842105263157894,,GP,M,U,,,,,course,mother,no,no,,,,yes,yes,
,0.75,0.75,0.0,0.0,,0.75,0.5,,0.5,1.0,,0.0,,,GP,,U,GT3,,other,services,reputation,mother,,no,no,yes,,yes,,17.0
0.2857142857142856,0.5,0.5,,,,,,1.0,1.0,,0.75,0.0625,0.5789473684210527,0.5263157894736842,,M,R,,,,,course,mother,,yes,no,,,,,
,1.0,1.0,,,0.0,1.0,0.75,0.75,,,0.75,,0.6842105263157894,0.631578947368421,GP,,U,GT3,,,services,course,mother,,yes,no,yes,yes,yes,yes,
0.2857142857142856,1.0,,0.3333333333333333,0.6666666666666667,,,0.5,,0.0,,0.75,,,0.7368421052631579,GP,,,GT3,T,teacher,teacher,course,mother,no,yes,,,,,,15.0
0.2857142857142856,0.75,,,0.0,,0.75,0.25,,,1.0,1.0,0.0625,0.5789473684210527,,GP,,,GT3,T,,,,,,yes,yes,yes,yes,yes,yes,11.0
,0.5,0.5,0.0,1.0,0.0,0.75,,1.0,,,,0.0,,0.5789473684210527,,M,U,,,other,other,course,,no,yes,,yes,,yes,yes,
,,0.5,0.0,0.0,0.0,,0.5,0.75,0.25,,,0.0,0.5789473684210527,,GP,M,,GT3,T,,services,home,other,,,no,,no,,,10.0
0.4285714285714284,0.5,,1.0,,0.0,0.75,,1.0,,0.0,0.25,0.0625,0.5263157894736842,,,,U,GT3,,at_home,,,mother,no,no,,yes,,,no,10.0
,,1.0,,0.6666666666666667,0.0,,0.75,0.5,,0.0,,0.0,,0.7894736842105263,,,R,,,,,course,father,,yes,no,no,,yes,yes,15.0
0.4285714285714284,,0.5,0.0,0.0,,1.0,0.75,0.25,0.0,0.25,,0.1875,,0.7368421052631579,,M,U,GT3,,other,,,,no,no,no,no,,yes,,
,0.75,0.75,,0.3333333333333333,0.0,,0.5,0.75,0.0,0.0,0.75,,0.5263157894736842,0.5789473684210527,,F,U,,T,services,,,,no,no,no,,,,yes,12.0
0.4285714285714284,,0.5,0.0,,0.0,,,,0.0,0.0,,,0.5263157894736842,0.47368421052631576,GP,,,,,other,other,home,other,,,no,,,,,
0.4285714285714284,0.5,,,1.0,,,,,0.0,0.0,,,,,GP,F,R,GT3,T,at_home,,,mother,,no,no,yes,,yes,,14.0
,0.75,1.0,0.0,0.6666666666666667,0.0,0.75,0.75,,0.0,0.5,1.0,,0.5789473684210527,,,F,,,T,,,,mother,no,no,,,,yes,yes,
,,0.5,0.0,0.3333333333333333,0.0,0.75,,,0.25,0.5,0.25,0.0,0.631578947368421,0.6842105263157894,GP,F,,GT3,T,,other,home,,no,,no,no,,,yes,
,0.75,,,1.0,0.0,1.0,0.5,,,,0.0,0.125,0.7368421052631579,0.7368421052631579,GP,,U,,,services,services,home,mother,,yes,no,,yes,yes,yes,15.0
0.2857142857142856,0.75,,,,,0.75,0.5,,,,0.25,0.0,0.7368421052631579,0.7368421052631579,,,,,A,other,other,home,,,yes,no,,yes,yes,yes,16.0
0.4285714285714284,1.0,1.0,0.0,,0.0,,,0.5,0.25,,,,0.631578947368421,,,M,,GT3,T,,services,home,father,no,,no,yes,,,,
0.4285714285714284,,,0.0,,0.0,0.75,,0.5,0.0,,,0.1875,0.8421052631578947,0.8421052631578947,,M,U,LE3,T,services,other,home,mother,,no,no,,yes,,yes,17.0
,0.5,,0.0,0.3333333333333333,,,,0.0,0.0,,,,0.5263157894736842,0.631578947368421,,F,,GT3,A,at_home,at_home,home,father,no,,,,yes,,,14.0
,0.5,0.75,0.0,0.6666666666666667,0.0,0.75,,0.5,,,0.5,,,,,,,GT3,T,,other,,,,yes,no,no,yes,yes,yes,14.0
,,0.5,0.0,,,1.0,0.75,,0.25,0.5,0.0,0.125,0.7368421052631579,,,F,U,,T,other,,,,no,no,no,no,yes,yes,yes,17.0
0.4285714285714284,,0.75,,0.6666666666666667,0.0,,,0.25,0.0,,0.75,,,,,M,R,GT3,T,,services,,mother,no,,no,,,,,
,1.0,,0.0,0.6666666666666667,0.0,,,1.0,0.25,0.5,,0.0,,0.6842105263157894,GP,,U,,T,teacher,other,,,no,yes,no,,,yes,yes,14.0
0.2857142857142856,1.0,,,0.6666666666666667,0.0,0.75,0.75,,,0.5,0.75,0.0,0.5789473684210527,0.631578947368421,,F,U,GT3,T,,,,,no,yes,no,yes,,yes,,
0.2857142857142856,0.5,0.25,,0.3333333333333333,,,0.5,0.75,0.25,0.25,0.0,0.3125,0.631578947368421,0.7894736842105263,GP,F,,GT3,T,,other,,mother,no,,no,yes,yes,,yes,15.0
0.2857142857142856,0.5,0.25,0.0,0.3333333333333333,,0.75,0.5,1.0,,,,,0.631578947368421,,GP,,,GT3,,services,,reputation,mother,no,,no,yes,yes,yes,,16.0
,,0.75,,,,0.25,0.25,0.5,,0.75,1.0,0.5,,0.5789473684210527,GP,,,,A,,other,,other,,no,no,,yes,,yes,11.0
,,,0.0,0.0,0.3333333333333333,,,0.25,,0.0,,,0.5263157894736842,0.6842105263157894,GP,,,GT3,T,other,,home,mother,no,yes,yes,no,yes,yes,yes,13.0
0.8571428571428572,,,,,,,,0.25,,,1.0,0.0,0.47368421052631576,0.631578947368421,GP,F,U,LE3,T,other,other,,other,no,no,yes,yes,yes,yes,,12.0
,,0.5,,0.3333333333333333,,,0.75,,0.0,0.5,0.5,0.34375,0.47368421052631576,0.5789473684210527,GP,,U,LE3,T,services,services,reputation,mother,,,no,yes,,,,12.0
0.4285714285714284,0.75,,,,,0.75,0.5,,,,0.25,,,,GP,M,U,,A,other,,,other,,no,no,yes,,yes,yes,
0.2857142857142856,,,0.0,,,,0.5,0.75,,0.5,,0.0,0.6842105263157894,0.894736842105263,GP,F,,GT3,,services,,,,,yes,no,yes,yes,yes,,
,,,,,,0.75,,0.25,0.0,0.25,,,,,,M,U,LE3,A,,other,,mother,no,yes,,no,,,,
0.4285714285714284,1.0,,0.0,0.3333333333333333,0.0,0.75,,,0.0,0.0,0.5,0.0,0.7368421052631579,,,,U,LE3,T,teacher,other,course,mother,,yes,no,,,yes,,17.0
,0.25,0.25,,0.3333333333333333,0.6666666666666666,1.0,0.5,0.5,,0.25,0.75,,,,GP,M,,LE3,T,,other,course,other,,,,yes,yes,no,,
0.714285714285714,0.25,0.25,0.3333333333333333,,,,,,,,,0.25,,0.7894736842105263,GP,F,R,,T,other,other,,,,no,no,,yes,yes,yes,15.0
0.5714285714285712,,1.0,,0.0,0.3333333333333333,0.5,0.25,,,0.75,,0.15625,,,,F,U,,,teacher,,home,other,no,yes,no,no,yes,yes,,11.0
,0.75,0.5,,,0.0,0.75,0.75,0.75,,0.25,1.0,0.3125,,0.9473684210526315,,,U,,,other,other,reputation,mother,no,,,,yes,,,18.0
0.4285714285714284,0.75,0.5,,0.6666666666666667,0.0,0.75,,0.75,0.0,,0.25,,0.7368421052631579,0.894736842105263,,,,,,,other,,father,no,yes,no,,,yes,yes,17.0
0.4285714285714284,0.5,0.75,0.0,,,0.5,0.0,0.5,,1.0,,0.40625,,,,,R,,,other,services,,,no,no,,no,,,yes,14.0
,0.5,,,,,1.0,0.5,,0.0,0.75,0.75,0.3125,,0.5789473684210527,GP,M,U,,T,,,,mother,,no,,no,,yes,yes,11.0
,0.5,0.5,0.3333333333333333,,0.0,,0.0,0.75,,0.5,0.75,0.3125,,0.894736842105263,GP,,,LE3,,services,,,mother,no,yes,no,no,,yes,,17.0
,,0.0,,,0.3333333333333333,1.0,0.5,0.0,,0.0,,0.15625,0.42105263157894735,0.5263157894736842,GP,,U,GT3,,,other,reputation,,yes,,,no,,yes,,
,0.75,0.5,0.0,,0.0,0.5,0.0,0.25,0.0,,0.0,0.125,0.5263157894736842,,,F,,,T,services,other,home,,no,,no,yes,,,yes,
,0.25,0.75,,0.0,0.0,,0.5,,0.0,0.5,1.0,0.34375,,,MS,F,,GT3,,,other,,father,,,no,no,yes,no,,11.0
0.1428571428571428,0.5,,,0.3333333333333333,0.0,0.75,0.75,,0.0,0.0,1.0,,,,MS,,,GT3,,,,,mother,no,yes,no,yes,yes,,,12.0
,,0.25,0.0,,,,0.0,,0.0,0.0,0.25,,,0.5263157894736842,MS,,R,,,at_home,,other,mother,no,yes,no,,yes,yes,,
,0.75,0.75,0.3333333333333333,0.0,0.0,1.0,0.75,0.75,0.25,0.5,1.0,0.125,0.5263157894736842,0.5263157894736842,MS,F,R,GT3,,,other,course,mother,,,,,yes,,yes,11.0
0.1428571428571428,0.5,0.75,,0.3333333333333333,0.0,,,,,0.25,1.0,,0.8421052631578947,0.894736842105263,,F,R,GT3,T,at_home,,course,mother,,no,no,,yes,,no,
0.0,,,,0.0,0.0,0.0,0.5,0.75,,0.0,,0.0,0.3157894736842105,0.42105263157894735,,F,,,,at_home,other,,,no,no,,,yes,no,no,9.0
,,,,0.3333333333333333,0.0,1.0,,0.25,0.0,,0.25,,,0.5789473684210527,MS,,,LE3,A,at_home,,,,,,,no,,yes,,11.0
,0.25,,0.0,0.6666666666666667,0.0,,0.75,0.5,,0.0,1.0,0.0,0.5263157894736842,0.5789473684210527,MS,M,U,GT3,A,other,,,,,,no,,yes,yes,,
0.2857142857142856,0.75,0.5,0.0,0.3333333333333333,0.3333333333333333,0.75,1.0,0.75,,0.25,1.0,0.0,,,,,,GT3,,,,course,,,no,no,,,,no,
0.2857142857142856,,0.25,,,0.3333333333333333,,,0.75,0.25,,1.0,0.0,0.3157894736842105,0.3157894736842105,MS,,R,,,other,,other,father,no,,,no,no,,,7.0
,1.0,1.0,0.3333333333333333,,,,1.0,0.0,0.5,1.0,,0.0,0.6842105263157894,0.7368421052631579,,F,R,GT3,,teacher,,course,mother,no,no,no,,,yes,yes,
,0.5,0.5,0.3333333333333333,,0.0,0.0,0.25,0.0,,0.0,,,0.5263157894736842,0.47368421052631576,MS,F,,LE3,,at_home,,reputation,,no,no,no,yes,no,no,no,11.0
,,,,0.3333333333333333,,,,0.5,0.0,,0.75,,0.5263157894736842,0.5263157894736842,,F,R,LE3,T,,,,,,yes,,no,yes,yes,yes,10.0
0.0,0.25,0.25,0.3333333333333333,,0.3333333333333333,0.75,,,0.0,0.25,,0.125,0.3157894736842105,0.3684210526315789,MS,F,R,,T,other,services,course,,no,,,,,yes,,
0.1428571428571428,,,,,,,0.25,,,0.25,0.25,0.0,0.631578947368421,,MS,,,GT3,T,other,other,,mother,no,yes,no,yes,,yes,,
0.2857142857142856,,0.75,,0.0,,,,1.0,,0.5,,,,0.5789473684210527,MS,F,,GT3,T,,other,course,,,,no,,,,,
0.0,,0.75,,0.0,0.0,,0.0,0.5,0.0,0.0,0.75,0.0,0.7368421052631579,0.8421052631578947,MS,F,R,GT3,,other,,course,,,no,,no,no,,,16.0
,0.25,0.25,,,0.0,1.0,,,0.75,1.0,,0.0,0.3684210526315789,0.0,MS,M,U,GT3,T,at_home,services,,,no,,no,,yes,,no,0.0
,0.25,,,,,0.75,,0.5,,0.75,,0.125,0.42105263157894735,0.47368421052631576,,M,,,T,other,other,home,,,,yes,no,,yes,yes,9.0
0.0,1.0,0.25,,,,1.0,0.5,0.75,,0.25,0.25,0.0,0.631578947368421,0.6842105263157894,,,,LE3,,health,services,,father,,,no,,yes,yes,yes,14.0
,1.0,,,,,1.0,,0.75,0.0,0.25,0.25,,0.3684210526315789,0.47368421052631576,,M,R,,,,services,reputation,father,no,yes,no,yes,yes,yes,yes,8.0
0.1428571428571428,,,0.6666666666666667,,0.0,,,,,,1.0,0.125,0.47368421052631576,0.5263157894736842,MS,M,R,GT3,,,,,mother,,no,no,no,no,,no,
0.0,0.25,0.25,1.0,0.3333333333333333,,,0.75,1.0,0.25,,0.75,0.25,0.3684210526315789,0.47368421052631576,MS,,R,,,other,other,course,mother,no,,no,,yes,,no,9.0
,,,,,0.0,1.0,0.5,0.5,0.0,0.0,1.0,0.0,0.5789473684210527,,MS,M,,LE3,,,,reputation,father,no,,no,yes,,yes,,
0.2857142857142856,0.5,,,,,,,1.0,1.0,1.0,0.5,,,0.5263157894736842,,,,GT3,T,other,other,other,,,,,,,,,9.0
0.1428571428571428,1.0,,0.3333333333333333,,,,0.25,0.25,,,0.75,,,,MS,,,,T,teacher,,course,mother,no,no,no,yes,,yes,yes,17.0
0.0,0.25,0.5,0.3333333333333333,0.0,0.0,1.0,0.0,0.25,0.0,,,0.09375,0.5789473684210527,,,F,R,GT3,T,,,,mother,,no,no,no,yes,,no,
,0.5,,0.6666666666666667,0.3333333333333333,,,1.0,0.75,0.0,0.25,0.0,0.0625,,0.7894736842105263,MS,F,R,GT3,,other,services,course,,,yes,no,,yes,,yes,15.0
,0.25,0.5,,0.3333333333333333,0.0,0.75,,,0.0,,1.0,,0.5263157894736842,0.5789473684210527,MS,M,R,GT3,,other,other,,,,,no,no,yes,yes,,
0.1428571428571428,,,0.6666666666666667,0.3333333333333333,,0.75,0.75,,0.0,,0.75,0.125,0.47368421052631576,,,,R,,T,,other,,mother,,,no,no,,,yes,
0.1428571428571428,0.25,,0.0,0.6666666666666667,0.3333333333333333,,0.5,,0.0,0.25,,0.0,0.5263157894736842,0.42105263157894735,MS,,,,,other,services,course,mother,no,yes,no,,yes,,,
0.1428571428571428,0.25,0.5,0.0,,0.3333333333333333,0.0,,0.25,,0.25,,,0.47368421052631576,,,F,,GT3,T,other,services,,,no,yes,,no,yes,yes,no,
0.0,,0.25,0.0,0.3333333333333333,,0.75,0.75,0.25,0.5,,0.25,0.0,0.47368421052631576,,,F,U,,,at_home,,home,mother,yes,,no,,no,,yes,9.0
0.1428571428571428,0.25,0.25,0.0,0.3333333333333333,0.0,,0.75,,,,,0.0,0.6842105263157894,0.7368421052631579,MS,F,U,,T,at_home,other,course,father,,,no,no,no,,,15.0
0.2857142857142856,0.25,,,0.0,,1.0,1.0,,1.0,1.0,,,0.5263157894736842,0.5789473684210527,MS,M,R,LE3,T,at_home,,reputation,mother,no,yes,,yes,,yes,yes,11.0
0.1428571428571428,0.25,,1.0,1.0,0.0,,0.5,,0.0,,0.0,0.0,,0.5263157894736842,MS,,R,,,,other,home,father,no,,no,,no,,,13.0
0.1428571428571428,,0.25,,0.6666666666666667,0.0,,,,,,1.0,0.0625,,0.47368421052631576,MS,F,R,GT3,T,,,other,,yes,,no,,yes,yes,,
0.0,,,,0.3333333333333333,0.0,0.75,0.5,0.5,0.0,0.0,,,0.5789473684210527,0.5263157894736842,,,R,GT3,,at_home,other,home,father,,yes,no,yes,,yes,,
0.1428571428571428,0.25,0.25,0.3333333333333333,0.0,0.0,0.75,,0.25,0.75,,0.25,0.0,,0.631578947368421,MS,,,GT3,T,at_home,other,other,mother,,,no,yes,yes,yes,yes,14.0
0.0,0.25,0.25,0.6666666666666667,,0.0,0.75,,0.0,0.0,,0.25,,,0.7368421052631579,MS,F,R,GT3,,,at_home,,father,no,yes,,no,yes,,no,14.0
0.0,,,0.0,,,,,,,0.25,1.0,0.0625,0.7368421052631579,0.5789473684210527,MS,F,R,LE3,T,other,other,,,,,,no,yes,yes,,12.0
0.1428571428571428,,0.25,0.3333333333333333,0.0,,0.5,0.75,0.75,0.5,0.75,1.0,,0.5789473684210527,,MS,M,,GT3,T,,other,,father,,no,no,yes,,yes,no,
0.4285714285714284,,0.5,0.0,0.3333333333333333,0.3333333333333333,0.5,,0.75,0.25,0.5,1.0,,0.47368421052631576,,,F,,,T,,,,,no,yes,no,yes,,,,8.0
0.0,0.75,,,0.0,,0.5,0.25,0.5,0.0,0.5,0.75,0.0,,0.47368421052631576,MS,,U,,T,other,,,mother,no,yes,,no,yes,,,
,0.5,,0.6666666666666667,0.3333333333333333,,1.0,,0.75,,0.0,0.25,0.03125,0.7368421052631579,0.6842105263157894,,F,R,GT3,,,services,course,,no,yes,no,yes,,,,14.0
0.0,,0.5,0.6666666666666667,,,0.75,,0.5,0.0,0.25,0.75,0.03125,0.6842105263157894,0.631578947368421,MS,,,GT3,T,,,reputation,,no,no,no,,,,,13.0
0.1428571428571428,,,,0.3333333333333333,0.0,0.75,0.5,0.0,0.0,,0.5,,0.6842105263157894,,MS,,U,,T,other,,course,father,,yes,no,yes,,yes,no,13.0
0.0,,,0.0,0.3333333333333333,0.0,,1.0,,0.0,0.0,0.0,,0.6842105263157894,0.631578947368421,MS,,R,,T,,,,,,yes,,no,,yes,yes,
0.1428571428571428,,0.5,0.3333333333333333,,,,,0.75,0.25,,,,,0.5789473684210527,,F,,,T,at_home,other,course,mother,,yes,no,,no,,,12.0
0.1428571428571428,0.5,,0.6666666666666667,0.0,,0.75,0.5,0.25,,,0.75,0.0,0.7368421052631579,,MS,F,,LE3,T,,,home,father,no,,,yes,yes,,no,
,,,0.3333333333333333,0.0,0.0,0.25,0.75,0.5,0.25,0.5,0.75,0.125,,0.42105263157894735,MS,M,,LE3,T,,services,,,no,yes,no,yes,,,,
0.0,0.25,,,0.0,,0.75,0.25,,,1.0,,,,0.5789473684210527,MS,,R,LE3,T,,other,reputation,,,,,,yes,yes,,11.0
0.0,0.5,0.5,,0.6666666666666667,0.0,1.0,0.5,,,0.0,0.75,0.0,,0.6842105263157894,MS,F,,,T,other,services,course,mother,,,,,yes,yes,,14.0
0.1428571428571428,0.5,,0.0,,0.0,1.0,,0.5,0.0,0.0,1.0,,,0.42105263157894735,,F,,,T,,other,home,mother,no,,no,no,yes,yes,yes,8.0
0.0,,,0.3333333333333333,,,,0.5,,0.25,,0.5,0.34375,0.631578947368421,,MS,M,U,GT3,T,services,services,course,father,no,yes,,yes,no,yes,,11.0
0.1428571428571428,,0.25,,0.3333333333333333,1.0,,,0.5,,0.0,0.0,0.0,,0.3684210526315789,MS,,,,T,,,course,father,yes,yes,,no,,yes,no,
0.2857142857142856,0.5,,0.0,0.0,0.0,0.75,1.0,,,0.0,,0.125,,,,F,U,,T,,at_home,,mother,no,yes,,yes,yes,no,,
0.5714285714285712,,,,0.0,,0.75,0.75,,0.0,,0.25,0.0,0.47368421052631576,,MS,F,U,GT3,,at_home,,,other,no,no,,,yes,no,,10.0
,0.5,0.25,0.6666666666666667,,0.0,1.0,1.0,0.5,,0.0,,0.0625,,0.5263157894736842,,,,GT3,T,at_home,,course,mother,,yes,no,,,no,,11.0
0.0,0.25,0.25,,0.0,,1.0,0.25,0.0,0.0,0.5,,0.0,,0.5263157894736842,,F,,LE3,T,at_home,,course,,no,,no,,yes,no,,9.0
0.1428571428571428,,0.5,0.6666666666666667,,0.0,,,1.0,0.0,0.25,0.0,0.03125,0.47368421052631576,,MS,F,,GT3,,other,other,course,,no,,no,no,yes,no,yes,
,0.5,0.5,,0.0,0.0,,0.5,0.75,,,0.0,0.1875,0.3684210526315789,,MS,F,U,LE3,,other,,,mother,no,yes,no,,,,no,8.0
,0.5,,0.3333333333333333,0.3333333333333333,,0.75,0.5,1.0,0.0,,0.75,0.0,,,MS,,R,GT3,T,at_home,,,mother,no,yes,no,,,yes,yes,
,,,0.0,0.0,0.3333333333333333,0.75,0.75,0.5,,0.75,,,,0.5263157894736842,,,U,GT3,T,other,,,father,no,yes,yes,yes,no,,,10.0
,,,,,,0.5,0.5,0.25,0.0,,,,0.3684210526315789,0.47368421052631576,,,R,LE3,A,,,course,other,no,yes,no,no,,,no,
0.5714285714285712,0.25,0.25,0.0,0.6666666666666667,0.3333333333333333,1.0,0.5,0.0,,0.0,0.5,0.1875,,0.47368421052631576,MS,F,U,GT3,,at_home,,course,mother,no,no,no,,,no,no,9.0
,,,,0.0,,0.75,,,0.5,,,,,0.47368421052631576,,M,R,GT3,,other,,home,mother,,no,no,yes,,no,yes,
0.4285714285714284,,,0.3333333333333333,0.0,0.3333333333333333,0.5,,,0.0,,0.25,0.125,,,MS,F,R,GT3,T,,,course,,,no,no,,no,no,,10.0
,0.25,,0.3333333333333333,,0.3333333333333333,,0.0,0.75,,0.0,,0.375,,0.42105263157894735,MS,,,GT3,T,other,,course,,,yes,,no,yes,yes,yes,9.0
0.1428571428571428,0.5,0.5,,,,0.5,0.5,,,0.0,0.5,0.0625,,,,,,GT3,,,,course,mother,no,,,,,yes,no,10.0
0.2857142857142856,0.0,,0.3333333333333333,,0.0,,,0.75,0.5,,,,0.47368421052631576,0.47368421052631576,MS,,U,,,,at_home,,,no,,no,yes,no,,,10.0
0.1428571428571428,,,,0.3333333333333333,0.0,,0.75,1.0,0.0,,,,0.42105263157894735,0.47368421052631576,MS,,,,T,,,course,,no,,no,yes,yes,no,yes,9.0
0.1428571428571428,0.75,,,,0.0,0.75,1.0,,0.0,,0.75,,0.7368421052631579,,,F,U,,T,,other,reputation,,no,,no,yes,yes,,,
0.1428571428571428,0.25,0.25,0.0,,,,,,0.25,,,0.0625,,0.7368421052631579,,F,R,,T,services,services,,,no,yes,,,,,,
,,0.75,,,,1.0,0.75,1.0,,0.75,1.0,,0.5263157894736842,0.5789473684210527,MS,M,U,,T,,at_home,,mother,,,,,yes,,no,
,,,0.0,0.3333333333333333,,1.0,,,0.0,,0.0,0.0,0.7368421052631579,0.6842105263157894,,,,,T,other,services,course,,no,yes,no,,yes,,yes,14.0
,0.5,0.5,,0.0,0.0,0.75,0.25,1.0,0.0,,,0.0,0.894736842105263,0.8421052631578947,MS,F,,GT3,,services,other,course,,no,yes,yes,,yes,yes,no,16.0
,,0.5,,0.0,,1.0,,1.0,,,,,0.3157894736842105,,MS,M,U,GT3,T,other,other,,father,no,yes,no,yes,,no,yes,
0.1428571428571428,1.0,0.75,0.0,,0.0,0.75,,,0.0,,1.0,,0.7368421052631579,0.631578947368421,,M,U,LE3,T,other,other,course,father,,no,no,,,,,
,0.5,,,,,,0.5,1.0,0.5,1.0,,,,0.42105263157894735,,M,,,T,services,services,other,mother,no,yes,,no,yes,,no,9.0
0.1428571428571428,,0.25,0.0,1.0,,0.25,,0.0,,0.0,1.0,,,,,,U,GT3,T,other,,,,yes,yes,,,yes,yes,yes,
0.5714285714285712,0.5,0.5,0.0,0.6666666666666667,,,0.75,1.0,0.0,0.0,,0.0,,0.6842105263157894,MS,F,,LE3,T,,other,home,mother,no,,no,no,,,,
0.2857142857142856,0.25,0.25,,0.0,0.0,0.75,0.75,1.0,0.0,,1.0,0.0,0.5789473684210527,0.5789473684210527,,F,R,GT3,,at_home,other,reputation,,,yes,,yes,no,yes,yes,
0.714285714285714,0.75,0.75,0.3333333333333333,0.3333333333333333,,0.5,0.5,0.75,0.25,,0.5,0.25,,0.47368421052631576,,F,,GT3,,at_home,services,,mother,,no,no,yes,yes,,,10.0
,0.25,,0.0,,0.0,,,0.5,,0.0,0.5,,0.5789473684210527,0.5789473684210527,MS,F,U,,,other,services,,father,no,,,no,,,,10.0
0.2857142857142856,,,0.6666666666666667,0.0,0.3333333333333333,0.75,0.75,,0.0,0.25,1.0,0.0,,,MS,M,R,GT3,,,other,,mother,,yes,no,no,,yes,yes,9.0
,,,,0.3333333333333333,0.0,,,,0.0,0.0,0.0,0.0,0.8421052631578947,,,F,R,,,,other,course,father,,,,no,yes,yes,,18.0
0.2857142857142856,0.5,0.5,0.3333333333333333,0.3333333333333333,,,,0.25,0.0,,0.0,0.0,0.7894736842105263,0.894736842105263,MS,,,GT3,,,other,reputation,mother,,yes,,,yes,,,17.0
,0.25,0.0,0.3333333333333333,,0.0,,0.75,,,0.0,,,,0.47368421052631576,,F,,GT3,A,other,other,,,,no,no,no,,yes,yes,10.0
0.4285714285714284,,,0.0,,,,,0.25,,0.0,1.0,0.28125,0.3684210526315789,,MS,F,R,GT3,T,at_home,other,,,no,yes,,no,yes,yes,yes,7.0
0.1428571428571428,0.75,0.25,,0.0,,,0.0,0.5,0.0,,0.0,0.0,0.42105263157894735,,MS,F,,,T,other,other,course,,,,,yes,,yes,yes,8.0
0.1428571428571428,0.75,0.5,,,0.0,,0.0,0.5,0.0,,0.5,,0.3684210526315789,,MS,,,GT3,,services,,,mother,,,no,,,,yes,7.0
,0.25,,0.3333333333333333,,0.0,0.25,0.5,1.0,,,,,,,MS,,,,T,,at_home,reputation,mother,,,no,,,,no,10.0
0.1428571428571428,1.0,1.0,0.0,0.3333333333333333,0.0,0.75,,,0.25,0.5,0.25,0.0,0.7368421052631579,0.8421052631578947,MS,,R,GT3,T,,,reputation,father,no,,no,yes,,yes,yes,16.0
0.1428571428571428,0.25,0.5,,0.0,,,,,0.0,0.75,,0.0,0.7368421052631579,0.7368421052631579,MS,,R,LE3,T,other,other,reputation,mother,no,,,,yes,yes,,15.0
0.4285714285714284,0.5,,0.0,0.3333333333333333,0.3333333333333333,0.25,0.5,,0.0,,,,,,MS,F,U,GT3,,,services,reputation,father,no,yes,no,no,,yes,yes,8.0
,0.5,,0.3333333333333333,,,1.0,,,,,0.25,0.0,0.42105263157894735,0.3684210526315789,MS,M,R,GT3,T,other,,,mother,no,,,yes,yes,,,0.0
0.1428571428571428,,0.25,0.6666666666666667,0.3333333333333333,0.0,0.75,,,,,,,0.3157894736842105,0.42105263157894735,MS,F,,,,at_home,,other,mother,,,no,no,yes,,yes,
0.1428571428571428,0.5,0.75,0.3333333333333333,0.3333333333333333,,,,0.5,0.0,,0.25,,,,MS,F,R,GT3,,at_home,,other,mother,no,yes,no,,yes,,,10.0
0.1428571428571428,,1.0,0.0,0.3333333333333333,0.0,0.75,,0.75,0.0,0.25,0.5,,,,MS,,,GT3,T,health,health,,,no,yes,no,,,yes,yes,8.0
0.4285714285714284,1.0,1.0,0.0,1.0,0.0,1.0,1.0,,1.0,1.0,,0.0625,,0.3157894736842105,MS,,U,LE3,T,at_home,health,home,mother,,yes,,yes,yes,,yes,
0.1428571428571428,0.75,1.0,0.6666666666666667,0.3333333333333333,0.0,0.75,,0.0,0.0,0.0,,,0.3684210526315789,,MS,F,R,,T,at_home,other,other,,no,yes,,,,,,8.0
0.2857142857142856,1.0,1.0,0.0,0.6666666666666667,0.0,0.75,0.75,0.5,,0.25,1.0,0.0,,0.7368421052631579,,,,LE3,T,,services,,,no,,no,,,yes,yes,
0.2857142857142856,1.0,0.25,,0.0,0.0,,0.25,0.5,0.0,0.25,1.0,0.03125,0.6842105263157894,0.7368421052631579,MS,,,GT3,,other,other,other,mother,no,,no,,yes,,,14.0
,0.5,0.5,,,0.0,1.0,0.0,,0.25,0.25,0.5,,0.5263157894736842,,,M,U,LE3,T,services,services,other,mother,,,no,no,,yes,no,10.0
,,0.5,0.0,,,1.0,,0.5,0.0,,,0.15625,,0.47368421052631576,MS,F,,,T,at_home,,other,mother,no,,yes,no,yes,yes,,
,1.0,1.0,,,,,0.0,,,0.25,1.0,0.03125,,,MS,,,LE3,T,,,other,,no,yes,no,no,,,no,11.0
0.2857142857142856,0.75,0.75,0.0,0.0,0.0,0.75,,0.75,1.0,,0.5,0.25,0.3684210526315789,,MS,,U,,T,services,,home,mother,,,,,yes,yes,,9.0
0.2857142857142856,,,,0.3333333333333333,0.0,1.0,,0.5,0.5,0.5,0.0,0.0,0.5263157894736842,0.5263157894736842,,M,U,GT3,T,at_home,,,mother,,,no,no,,,yes,
0.1428571428571428,,0.25,0.3333333333333333,0.3333333333333333,,0.75,0.25,,0.0,0.75,1.0,,,0.3684210526315789,MS,M,U,,T,,services,other,mother,no,,no,,,,yes,
0.1428571428571428,0.5,0.25,,,0.0,0.5,,0.25,0.0,0.0,0.5,0.0,0.7368421052631579,,MS,F,,LE3,,,,other,mother,no,no,,no,yes,yes,yes,
0.1428571428571428,1.0,,0.0,0.0,,0.75,0.0,0.25,,,,0.0,0.5789473684210527,0.631578947368421,,,U,LE3,T,teacher,health,other,father,no,yes,no,,,,yes,
,0.25,,0.6666666666666667,0.3333333333333333,0.0,,,1.0,0.0,0.5,,0.34375,,0.5789473684210527,MS,M,R,GT3,T,other,services,course,mother,no,yes,no,,,,no,10.0
0.0,0.5,0.5,,1.0,0.0,1.0,,1.0,0.25,0.5,1.0,0.25,0.6842105263157894,0.7368421052631579,MS,M,,LE3,,,,,mother,no,,no,yes,yes,yes,no,
,,0.25,0.0,,,,0.5,,0.0,,1.0,,0.631578947368421,,MS,M,U,LE3,,,services,course,mother,no,no,no,,yes,,yes,
,0.5,0.5,,,0.0,0.75,0.5,0.5,,0.25,1.0,0.0625,,0.5789473684210527,MS,F,R,LE3,T,,other,course,mother,,yes,,,no,yes,,11.0
0.1428571428571428,1.0,,0.3333333333333333,0.3333333333333333,,0.0,0.25,,0.25,0.25,0.0,0.25,,0.5263157894736842,,F,,,T,,other,home,mother,no,,,yes,yes,yes,,
,,,0.3333333333333333,,0.0,0.75,,0.5,0.25,0.25,0.0,,0.47368421052631576,0.5789473684210527,MS,F,U,GT3,T,at_home,other,,,no,,,no,,,no,11.0
0.2857142857142856,0.5,0.5,0.3333333333333333,0.3333333333333333,0.0,1.0,0.0,,,0.0,,0.0,0.5789473684210527,0.47368421052631576,,F,,GT3,T,,other,,mother,,,,,yes,yes,no,
0.1428571428571428,1.0,1.0,0.3333333333333333,0.6666666666666667,,1.0,0.5,1.0,,,,,,0.5789473684210527,MS,F,,GT3,,teacher,services,course,mother,no,,,,,yes,,12.0
,1.0,1.0,,0.0,1.0,,0.5,,0.0,0.5,1.0,0.0625,,0.47368421052631576,MS,M,R,GT3,T,,other,,father,no,no,,yes,yes,yes,,8.0
,0.25,,,,,,0.0,0.25,,0.5,1.0,0.0625,,,MS,,,,,other,,course,father,no,,,yes,yes,yes,no,12.0
0.2857142857142856,0.75,1.0,,,,,0.75,,0.5,0.75,,0.25,,,MS,M,,,,,,other,,no,yes,no,,no,,yes,
0.2857142857142856,,,,,0.0,1.0,,1.0,0.0,0.0,,0.0,,0.7894736842105263,MS,F,U,GT3,,health,,,father,no,yes,no,no,,,yes,
0.1428571428571428,1.0,0.25,0.0,,0.0,,0.0,,0.25,0.0,0.25,0.0,0.5263157894736842,0.5789473684210527,MS,M,R,LE3,T,,at_home,other,father,no,no,no,,yes,yes,yes,11.0
,0.25,0.25,,0.3333333333333333,0.0,0.75,1.0,1.0,0.0,0.25,0.5,0.0625,0.5789473684210527,0.5263157894736842,,,U,GT3,,,,other,mother,no,no,no,,yes,yes,yes,11.0
0.2857142857142856,1.0,0.5,0.3333333333333333,0.3333333333333333,,0.75,0.5,,,,1.0,0.0,,,MS,,,GT3,T,,other,,mother,,,no,no,,,yes,18.0
,0.5,,0.3333333333333333,,,,0.0,0.25,0.25,,,0.0,,0.6842105263157894,,M,U,LE3,,,services,course,father,no,yes,no,no,no,yes,yes,13.0
0.2857142857142856,0.75,0.5,0.3333333333333333,,,0.75,0.0,,0.25,,,0.0,0.6842105263157894,,MS,,U,,,other,other,,father,,yes,,no,yes,yes,yes,13.0
0.5714285714285712,,0.25,0.0,0.3333333333333333,0.6666666666666666,,0.75,0.5,,0.75,0.75,0.0625,,0.47368421052631576,,M,U,GT3,,other,other,,mother,no,yes,,,yes,,,10.0
,0.25,0.0,0.0,0.0,,,0.0,0.25,0.0,0.0,,0.125,,,MS,M,U,,,,,,mother,no,,,no,yes,yes,,
0.2857142857142856,0.25,0.25,0.3333333333333333,,0.0,0.5,1.0,1.0,0.25,,,0.09375,,0.5789473684210527,MS,,,GT3,,,,course,,no,yes,,,yes,no,,
0.1428571428571428,0.25,,0.0,,,,0.5,0.75,0.0,0.0,0.5,,,0.7368421052631579,MS,F,,,T,,other,home,,,,,no,,,yes,13.0
,0.25,0.5,,0.0,0.0,,0.75,0.75,0.25,,,0.125,0.47368421052631576,,MS,,,LE3,,,,course,,no,no,no,,yes,,no,11.0
,0.75,,,,1.0,,,,0.0,0.0,,,0.3684210526315789,0.47368421052631576,MS,F,,GT3,,other,,course,,,yes,no,yes,no,yes,,10.0
0.2857142857142856,0.5,0.5,0.3333333333333333,0.0,,,,1.0,,,,0.0,0.42105263157894735,,MS,M,,GT3,T,,,course,mother,,no,no,yes,,no,,10.0
0.4285714285714284,0.25,,0.6666666666666667,0.0,0.3333333333333333,,0.5,,0.0,0.0,,,,0.631578947368421,,M,R,,T,at_home,at_home,,,yes,yes,,,,yes,,13.0
,0.25,0.25,0.3333333333333333,,0.0,,,,0.0,0.5,0.25,0.0,,0.47368421052631576,MS,M,R,GT3,T,other,,course,mother,,,no,yes,no,,yes,10.0
,,0.25,0.3333333333333333,,0.0,,0.5,,,0.75,,0.1875,0.5263157894736842,0.47368421052631576,MS,M,,,T,,at_home,course,,no,,no,yes,yes,,no,
0.1428571428571428,0.5,0.5,0.0,0.3333333333333333,,,0.75,,0.0,0.0,0.0,0.0,0.5789473684210527,0.6842105263157894,MS,F,R,LE3,T,other,,,father,no,,no,yes,yes,yes,,12.0
0.2857142857142856,0.5,,,0.0,,0.0,0.25,0.0,0.25,0.5,1.0,0.0,0.3684210526315789,0.0,MS,M,,GT3,T,other,other,course,mother,no,no,no,,yes,yes,no,
,0.75,,0.3333333333333333,0.0,0.0,,1.0,1.0,0.25,0.5,1.0,,0.5789473684210527,0.47368421052631576,MS,M,R,,T,services,other,course,father,no,no,,no,yes,,,10.0
,0.25,0.25,0.3333333333333333,0.0,0.0,,,,,0.75,1.0,,,0.5263157894736842,MS,,R,,,,other,,,,no,,,yes,,yes,
,0.25,,,0.0,0.3333333333333333,1.0,0.5,0.5,0.25,0.5,1.0,,,0.3684210526315789,MS,M,R,GT3,T,services,other,,other,no,yes,,no,,,yes,
,,0.5,,0.0,0.3333333333333333,0.25,0.5,0.0,,,1.0,0.0,,,MS,M,R,GT3,T,services,other,course,mother,,,no,no,,,yes,0.0
,,0.5,,0.0,,,,,,,0.5,,0.3157894736842105,,MS,,,GT3,T,at_home,services,course,mother,no,no,no,yes,,,no,9.0
0.4285714285714284,0.75,,,,0.6666666666666666,0.75,,1.0,,,0.5,,0.21052631578947367,0.42105263157894735,MS,,U,GT3,T,at_home,,,mother,no,,,yes,,,,
0.1428571428571428,,,,,0.0,,0.75,,,,,0.1875,0.3684210526315789,0.42105263157894735,,,,GT3,,services,,,mother,no,yes,no,yes,,yes,,8.0
0.5714285714285712,0.5,0.25,0.3333333333333333,,,,0.75,0.5,,,1.0,0.125,0.42105263157894735,,MS,M,,GT3,T,,other,course,other,,no,,yes,no,,,9.0
0.1428571428571428,0.75,0.5,0.3333333333333333,0.3333333333333333,,,1.0,1.0,,0.0,0.0,,0.2631578947368421,0.2631578947368421,,,U,GT3,,,,course,,,yes,no,yes,,yes,,7.0
0.2857142857142856,,,0.0,0.0,0.0,0.75,0.5,0.25,0.0,0.25,1.0,0.28125,,,MS,F,U,,T,,at_home,,,,yes,,,,,no,
,0.25,0.25,0.3333333333333333,0.0,0.3333333333333333,,0.75,0.5,0.25,0.75,0.75,,,0.5789473684210527,MS,,R,GT3,,other,other,,other,,yes,,no,,,yes,
0.4285714285714284,1.0,0.75,0.0,,,1.0,0.75,,0.5,0.75,0.25,0.25,0.5263157894736842,0.5789473684210527,MS,,R,GT3,A,services,,course,mother,,,no,,,,yes,10.0
,0.75,0.5,,,0.0,0.25,1.0,1.0,,1.0,,0.25,,,MS,,R,,T,other,,course,,,yes,no,no,,yes,yes,
,0.25,0.25,,,,1.0,0.75,0.75,0.5,0.5,0.25,0.25,,0.47368421052631576,MS,,R,GT3,T,other,services,,,no,no,no,,yes,yes,yes,11.0
0.2857142857142856,,,,0.3333333333333333,,0.75,1.0,0.75,0.25,0.5,0.5,,0.42105263157894735,0.47368421052631576,MS,M,U,GT3,,health,,,,,,no,no,,yes,,
0.4285714285714284,0.25,,,0.0,,0.75,0.5,,0.25,,0.5,0.0,0.47368421052631576,0.5263157894736842,MS,,U,LE3,T,at_home,,course,mother,no,no,,no,,no,yes,9.0
0.5714285714285712,0.25,,,,0.3333333333333333,0.75,0.75,0.75,0.5,,,,0.42105263157894735,,MS,M,R,,,,other,,other,no,,no,no,yes,,,
,0.25,0.5,0.3333333333333333,,,0.75,,,0.0,,1.0,,0.3157894736842105,0.42105263157894735,,F,U,GT3,,at_home,other,course,mother,no,yes,,,yes,yes,no,8.0
0.5714285714285712,0.25,,,0.0,0.0,0.0,,0.75,0.0,,1.0,0.0,0.3157894736842105,0.42105263157894735,MS,F,U,LE3,,at_home,other,,mother,,yes,,,yes,no,no,7.0
0.4285714285714284,0.5,0.5,0.3333333333333333,,0.3333333333333333,1.0,1.0,,0.0,0.0,0.5,0.0,0.42105263157894735,,MS,F,R,,T,other,other,other,mother,,no,no,,,,yes,
0.2857142857142856,,0.0,0.3333333333333333,0.0,0.0,0.75,,0.5,,,1.0,,0.5263157894736842,,MS,,,,T,at_home,other,course,mother,no,yes,,no,yes,,,11.0
0.2857142857142856,0.75,0.25,0.3333333333333333,,,,,,0.25,0.25,0.5,0.15625,0.42105263157894735,0.3684210526315789,MS,F,,LE3,,other,,course,other,,yes,,,,no,,8.0
,,0.5,,,,1.0,1.0,,,0.5,,0.0,0.42105263157894735,0.42105263157894735,,F,U,GT3,T,teacher,services,,mother,,yes,no,yes,yes,,,0.0
0.4285714285714284,0.5,,0.0,0.3333333333333333,0.3333333333333333,0.25,0.5,0.5,0.0,,0.75,0.09375,0.3684210526315789,0.3157894736842105,MS,F,R,LE3,T,,services,course,,,yes,no,yes,,,yes,
,,,,0.0,,0.5,0.25,0.25,0.0,0.0,1.0,0.0,0.42105263157894735,0.5263157894736842,MS,,U,GT3,T,,,course,,no,yes,no,no,yes,yes,no,9.0
0.2857142857142856,0.25,0.5,,,0.0,,1.0,,0.0,,0.5,,0.3684210526315789,,,F,,,T,,other,,,no,,no,no,,yes,,
,0.25,0.25,,0.3333333333333333,0.6666666666666666,,0.75,0.75,,,1.0,0.09375,0.3684210526315789,,MS,F,U,,T,,other,course,mother,,no,no,yes,yes,,no,7.0
0.4285714285714284,0.5,0.5,0.3333333333333333,,0.0,0.75,0.5,1.0,,0.0,,,,0.6842105263157894,MS,,U,GT3,T,services,at_home,,father,no,no,,yes,no,,yes,14.0
0.2857142857142856,0.75,,0.3333333333333333,0.0,0.0,0.75,,0.5,0.0,,0.75,0.0,0.5789473684210527,,MS,F,,GT3,,services,,,,no,yes,no,,yes,yes,,13.0
0.4285714285714284,0.25,,,0.3333333333333333,0.0,,,0.5,0.0,0.25,,0.0,,,,F,U,LE3,,,,,mother,,,,,yes,yes,yes,14.0
,,1.0,0.3333333333333333,,,,,,,0.25,,,0.9473684210526315,0.9473684210526315,MS,,U,,T,,,reputation,mother,no,,,yes,no,yes,yes,
0.4285714285714284,,,0.0,0.0,,,0.75,1.0,,,,0.09375,0.894736842105263,0.894736842105263,MS,M,,,T,services,other,reputation,mother,,,,,yes,,,17.0
,1.0,0.5,0.3333333333333333,0.3333333333333333,,,0.5,0.5,0.0,,0.75,0.0,0.894736842105263,,MS,F,U,,T,,,course,,no,yes,,no,yes,,yes,
0.4285714285714284,,,,0.3333333333333333,0.3333333333333333,0.75,,0.5,,,0.75,,,0.0,MS,,,,T,at_home,other,course,mother,no,,,yes,,yes,,0.0
,,0.5,0.3333333333333333,0.0,0.0,0.75,0.0,,,,0.0,,0.5263157894736842,0.5789473684210527,MS,,,LE3,,,,,,no,yes,no,,no,yes,,
,1.0,1.0,0.6666666666666667,,0.0,,,1.0,,0.0,0.0,0.15625,,0.6842105263157894,MS,M,R,GT3,T,,services,other,mother,no,,yes,yes,,,yes,
,,0.25,,0.0,0.0,0.75,0.25,0.5,0.5,,0.75,0.125,,0.6842105263157894,,M,,GT3,,,services,other,father,,,no,no,,no,,
,0.5,0.5,0.3333333333333333,0.3333333333333333,,0.0,0.5,0.0,,0.0,0.25,0.125,0.42105263157894735,0.42105263157894735,,F,U,GT3,T,,other,,,no,,,,no,yes,,
0.4285714285714284,0.5,,0.3333333333333333,0.6666666666666667,0.0,1.0,0.75,,,,0.5,0.0,0.5789473684210527,,MS,F,U,LE3,T,services,services,course,,no,no,no,no,yes,yes,yes,
0.4285714285714284,1.0,,0.0,0.3333333333333333,0.0,1.0,,0.0,0.0,,,0.0,0.2631578947368421,0.0,MS,,,,A,,other,reputation,mother,no,no,,,,yes,,0.0
,,,0.6666666666666667,0.3333333333333333,0.3333333333333333,0.75,0.75,0.25,0.0,0.25,0.25,0.0625,0.47368421052631576,0.5263157894736842,MS,,U,,T,at_home,services,,,,,no,no,yes,no,,
,0.25,0.25,0.3333333333333333,,,1.0,,1.0,,,0.25,,0.2631578947368421,0.0,MS,F,U,,T,at_home,,other,father,no,no,no,no,yes,no,no,0.0
,1.0,0.5,0.3333333333333333,1.0,0.0,,,0.5,0.5,0.0,1.0,0.0,,,,F,,GT3,,teacher,,course,father,,no,,no,yes,yes,yes,
0.2857142857142856,0.5,,0.3333333333333333,,0.0,1.0,,,0.0,0.25,0.25,0.15625,,0.5789473684210527,MS,F,R,,,,other,reputation,mother,,,,yes,yes,,yes,
,,,,,0.0,1.0,0.25,0.5,,0.25,,0.0625,0.42105263157894735,,MS,,,,,,,,mother,,,no,no,,,no,
0.4285714285714284,,0.5,0.3333333333333333,0.3333333333333333,,0.75,,0.0,0.0,0.0,0.75,,0.5789473684210527,0.5789473684210527,,,,GT3,T,at_home,at_home,course,,no,yes,no,no,yes,,,12.0
0.5714285714285712,0.25,0.25,,0.3333333333333333,1.0,0.5,,0.75,0.0,0.75,,,0.42105263157894735,,MS,F,R,,,at_home,at_home,,,no,,no,yes,yes,no,no,
0.4285714285714284,0.5,0.5,0.3333333333333333,0.6666666666666667,,0.75,,,,,,,0.7368421052631579,,MS,,R,GT3,T,services,other,home,,no,,,,yes,yes,yes,15.0
,1.0,0.75,0.3333333333333333,0.3333333333333333,0.3333333333333333,0.75,,,,,0.25,0.125,0.5263157894736842,0.5789473684210527,MS,,,GT3,T,services,,home,,no,yes,,,,,yes,
0.4285714285714284,,0.75,0.0,0.3333333333333333,0.0,,0.5,,,,1.0,0.0,0.5263157894736842,0.5263157894736842,,F,U,GT3,T,,,course,,,yes,no,no,yes,yes,,10.0
0.2857142857142856,,,0.3333333333333333,0.3333333333333333,,0.75,0.5,0.5,0.0,0.25,1.0,0.0625,,,,F,R,GT3,,,services,other,father,no,yes,,yes,yes,yes,,12.0
0.2857142857142856,,0.5,0.3333333333333333,,0.0,0.0,0.25,0.5,,,,,0.7894736842105263,0.7368421052631579,,F,U,,A,services,other,,mother,no,no,,no,,yes,,
0.4285714285714284,,0.25,,,0.0,0.5,,0.25,,0.25,0.5,,0.7368421052631579,,,M,U,LE3,T,other,services,,father,no,no,no,,no,,yes,14.0
0.4285714285714284,0.25,0.25,0.3333333333333333,0.6666666666666667,0.0,1.0,,,0.0,0.0,0.75,,1.0,0.894736842105263,,F,U,LE3,,,,,,no,,no,no,,yes,yes,18.0
,0.25,,0.6666666666666667,,0.0,,,0.75,0.0,0.75,,0.0,0.8421052631578947,,MS,F,,LE3,A,at_home,,course,,no,,no,no,,yes,no,
0.4285714285714284,0.75,,0.3333333333333333,0.3333333333333333,,0.75,,0.25,0.0,,0.5,0.1875,,0.631578947368421,MS,F,U,,,services,services,other,,no,yes,,,yes,,,13.0
0.2857142857142856,1.0,1.0,0.0,0.3333333333333333,,,,,,,,,0.7894736842105263,,MS,,U,LE3,T,at_home,at_home,,mother,no,yes,,yes,yes,yes,yes,
,0.25,,,,,0.5,,0.25,0.0,0.25,,0.0,0.6842105263157894,0.6842105263157894,MS,F,R,,,other,,,father,,no,no,,,,,
,0.25,,0.3333333333333333,0.3333333333333333,0.0,0.5,,0.75,,,0.5,,,0.5263157894736842,MS,,,GT3,T,,other,course,,no,yes,,no,,yes,no,
0.4285714285714284,1.0,,,,0.0,0.75,0.25,0.25,0.25,,,0.0,0.7894736842105263,0.8421052631578947,MS,M,U,,T,teacher,services,other,mother,no,,no,no,,,yes,
0.2857142857142856,0.25,,0.6666666666666667,0.0,0.3333333333333333,1.0,0.25,,,,0.0,0.0,0.42105263157894735,0.42105263157894735,,,R,GT3,T,,services,reputation,mother,,yes,no,no,,,yes,
0.4285714285714284,,,0.3333333333333333,0.0,0.0,1.0,,0.5,,0.25,,,,,MS,F,U,GT3,,,,,father,no,,,,,,yes,
0.4285714285714284,,,0.6666666666666667,0.3333333333333333,,0.5,,,0.75,0.25,,,0.3684210526315789,,,F,R,,T,other,teacher,other,father,,,no,no,no,yes,yes,0.0
0.4285714285714284,0.25,,0.6666666666666667,0.0,0.0,0.75,,0.5,0.25,0.5,0.5,,0.47368421052631576,0.5263157894736842,MS,M,R,,T,,services,,,no,yes,no,yes,yes,no,yes,10.0
0.2857142857142856,0.5,0.5,,0.6666666666666667,,,,0.5,,0.0,0.5,0.25,0.5263157894736842,0.5789473684210527,MS,F,U,GT3,T,,at_home,,,no,no,no,yes,yes,,no,
,0.25,,,0.0,,,,,,0.5,,0.125,,0.42105263157894735,MS,F,R,GT3,,other,other,,,,no,,,yes,yes,,
0.4285714285714284,1.0,1.0,0.3333333333333333,,,1.0,0.75,0.75,0.0,0.0,,,,,,F,,,,other,other,reputation,mother,no,,,,yes,,,17.0
0.4285714285714284,0.25,,1.0,0.6666666666666667,,0.75,0.5,,,0.25,,0.125,,0.5789473684210527,MS,F,,,,,,home,,no,no,no,no,,yes,yes,12.0
0.5714285714285712,0.25,,,0.3333333333333333,0.3333333333333333,0.75,,0.5,0.0,,,,0.3684210526315789,0.42105263157894735,,,R,GT3,T,at_home,,course,,no,,no,,yes,,yes,9.0
,1.0,1.0,0.0,0.3333333333333333,0.0,1.0,0.75,,,0.75,,0.03125,,0.7368421052631579,MS,F,R,LE3,,,,course,,,no,no,,,yes,yes,
0.4285714285714284,0.75,0.75,0.0,0.3333333333333333,0.0,,,0.5,0.0,0.25,,0.03125,,0.8421052631578947,,F,U,,,other,other,,,,no,,,yes,yes,,16.0
0.2857142857142856,0.75,,0.0,,,,1.0,0.75,0.25,,0.0,0.3125,,0.47368421052631576,,F,,GT3,T,at_home,,reputation,,no,yes,,,no,yes,,
,1.0,1.0,0.0,0.3333333333333333,0.0,0.5,,0.75,,,0.25,,0.894736842105263,0.9473684210526315,MS,,,,T,teacher,teacher,home,father,no,no,,yes,no,,,
0.4285714285714284,,0.25,0.3333333333333333,0.0,,,,,0.0,,1.0,,0.3684210526315789,0.3684210526315789,MS,M,,GT3,T,other,other,other,mother,no,no,,yes,no,yes,yes,
0.2857142857142856,0.5,0.75,,0.3333333333333333,0.0,0.75,0.75,0.5,0.0,0.0,,,,0.7894736842105263,MS,M,U,GT3,T,,services,,,,,,yes,,yes,,
0.5714285714285712,0.25,0.25,0.3333333333333333,0.0,0.3333333333333333,0.75,0.5,,0.0,,1.0,0.0,,,,M,,,T,other,,,,,,no,no,yes,yes,,
0.4285714285714284,,0.5,0.3333333333333333,0.0,,,0.75,0.5,,0.5,,,0.3684210526315789,0.3684210526315789,MS,M,,GT3,,other,other,,father,no,no,yes,,,,,0.0
0.4285714285714284,0.5,0.5,0.3333333333333333,,0.0,1.0,0.5,,0.0,,0.75,0.0,,0.894736842105263,MS,F,R,,T,at_home,,other,mother,,,,no,yes,,no,
0.2857142857142856,1.0,0.75,,0.3333333333333333,0.0,1.0,1.0,,0.0,0.0,0.0,0.0,0.3157894736842105,,,,,GT3,T,teacher,other,other,,,,no,,,yes,yes,11.0
0.4285714285714284,1.0,1.0,0.6666666666666667,0.0,,,,0.5,0.25,,,0.125,0.3684210526315789,0.47368421052631576,MS,F,R,,,teacher,at_home,reputation,mother,no,,no,yes,,yes,,
0.5714285714285712,0.5,,0.0,0.6666666666666667,0.3333333333333333,,,,0.0,0.25,1.0,0.125,0.5263157894736842,0.5789473684210527,MS,,,GT3,T,services,other,course,mother,no,no,,,no,,yes,
,,,,,0.0,,,,0.0,0.0,0.0,,,0.7894736842105263,MS,,U,,,teacher,services,,,no,yes,no,no,yes,,,16.0
0.4285714285714284,,0.25,,,,0.0,,,0.0,0.0,1.0,,0.5789473684210527,0.631578947368421,,F,U,,T,other,other,course,,,no,no,yes,yes,,no,9.0
0.2857142857142856,0.75,0.25,0.3333333333333333,0.0,0.0,0.25,,1.0,0.5,,0.25,,0.5263157894736842,0.5263157894736842,MS,M,,LE3,,,services,course,,no,no,no,no,no,yes,,10.0
0.4285714285714284,,,,0.0,0.0,0.75,0.75,0.0,0.5,,,0.125,0.5263157894736842,0.5789473684210527,MS,,R,LE3,,services,other,course,mother,,,no,no,,,yes,11.0
