uid,status,error,runtime_seconds,input_csv,missingness_type,method,prioritization_mode,partner_proportion,edge_threshold_rule,edge_threshold_value,alpha,beta,model_func,max_rounds,output_imputed_csv,output_runtime_txt
HP0001,ok,,2.7594,/Users/vivekkanpa/Documents/UCD/sudoku-imputation/SUDOKU_BENCHMARK/datasets/experimental_data/numerical/eeg/MAR/eeg_MAR_0.1.csv,MAR,degree,centrality,0.08,None,,1.0,1.0,LinearRegression,1,/Users/vivekkanpa/Documents/UCD/sudoku-imputation/SUDOKU_BENCHMARK/analysis/hyperparameter_tables/mar/HP0001_imputed.csv,/Users/vivekkanpa/Documents/UCD/sudoku-imputation/SUDOKU_BENCHMARK/analysis/hyperparameter_tables/mar/HP0001_runtime.txt
HP0002,ok,,2.7594,/Users/vivekkanpa/Documents/UCD/sudoku-imputation/SUDOKU_BENCHMARK/datasets/experimental_data/numerical/eeg/MAR/eeg_MAR_0.1.csv,MAR,degree,centrality,0.08,None,,0.5,1.5,LinearRegression,1,/Users/vivekkanpa/Documents/UCD/sudoku-imputation/SUDOKU_BENCHMARK/analysis/hyperparameter_tables/mar/HP0002_imputed.csv,/Users/vivekkanpa/Documents/UCD/sudoku-imputation/SUDOKU_BENCHMARK/analysis/hyperparameter_tables/mar/HP0002_runtime.txt
HP0003,ok,,2.7001,/Users/vivekkanpa/Documents/UCD/sudoku-imputation/SUDOKU_BENCHMARK/datasets/experimental_data/numerical/eeg/MAR/eeg_MAR_0.1.csv,MAR,degree,centrality,0.08,None,,1.5,0.5,LinearRegression,1,/Users/vivekkanpa/Documents/UCD/sudoku-imputation/SUDOKU_BENCHMARK/analysis/hyperparameter_tables/mar/HP0003_imputed.csv,/Users/vivekkanpa/Documents/UCD/sudoku-imputation/SUDOKU_BENCHMARK/analysis/hyperparameter_tables/mar/HP0003_runtime.txt
HP0004,ok,,2.7466,/Users/vivekkanpa/Documents/UCD/sudoku-imputation/SUDOKU_BENCHMARK/datasets/experimental_data/numerical/eeg/MAR/eeg_MAR_0.1.csv,MAR,degree,centrality,0.08,p85,0.523885790127449,1.0,1.0,LinearRegression,1,/Users/vivekkanpa/Documents/UCD/sudoku-imputation/SUDOKU_BENCHMARK/analysis/hyperparameter_tables/mar/HP0004_imputed.csv,/Users/vivekkanpa/Documents/UCD/sudoku-imputation/SUDOKU_BENCHMARK/analysis/hyperparameter_tables/mar/HP0004_runtime.txt
HP0005,ok,,2.8128,/Users/vivekkanpa/Documents/UCD/sudoku-imputation/SUDOKU_BENCHMARK/datasets/experimental_data/numerical/eeg/MAR/eeg_MAR_0.1.csv,MAR,degree,centrality,0.08,p85,0.5940558086322196,0.5,1.5,LinearRegression,1,/Users/vivekkanpa/Documents/UCD/sudoku-imputation/SUDOKU_BENCHMARK/analysis/hyperparameter_tables/mar/HP0005_imputed.csv,/Users/vivekkanpa/Documents/UCD/sudoku-imputation/SUDOKU_BENCHMARK/analysis/hyperparameter_tables/mar/HP0005_runtime.txt
HP0006,ok,,2.6621,/Users/vivekkanpa/Documents/UCD/sudoku-imputation/SUDOKU_BENCHMARK/datasets/experimental_data/numerical/eeg/MAR/eeg_MAR_0.1.csv,MAR,degree,centrality,0.08,p85,0.4655959235146816,1.5,0.5,LinearRegression,1,/Users/vivekkanpa/Documents/UCD/sudoku-imputation/SUDOKU_BENCHMARK/analysis/hyperparameter_tables/mar/HP0006_imputed.csv,/Users/vivekkanpa/Documents/UCD/sudoku-imputation/SUDOKU_BENCHMARK/analysis/hyperparameter_tables/mar/HP0006_runtime.txt
HP0007,ok,,2.7183,/Users/vivekkanpa/Documents/UCD/sudoku-imputation/SUDOKU_BENCHMARK/datasets/experimental_data/numerical/eeg/MAR/eeg_MAR_0.1.csv,MAR,degree,centrality,0.15,None,,1.0,1.0,LinearRegression,1,/Users/vivekkanpa/Documents/UCD/sudoku-imputation/SUDOKU_BENCHMARK/analysis/hyperparameter_tables/mar/HP0007_imputed.csv,/Users/vivekkanpa/Documents/UCD/sudoku-imputation/SUDOKU_BENCHMARK/analysis/hyperparameter_tables/mar/HP0007_runtime.txt
HP0008,ok,,2.6958,/Users/vivekkanpa/Documents/UCD/sudoku-imputation/SUDOKU_BENCHMARK/datasets/experimental_data/numerical/eeg/MAR/eeg_MAR_0.1.csv,MAR,degree,centrality,0.15,None,,0.5,1.5,LinearRegression,1,/Users/vivekkanpa/Documents/UCD/sudoku-imputation/SUDOKU_BENCHMARK/analysis/hyperparameter_tables/mar/HP0008_imputed.csv,/Users/vivekkanpa/Documents/UCD/sudoku-imputation/SUDOKU_BENCHMARK/analysis/hyperparameter_tables/mar/HP0008_runtime.txt
HP0009,ok,,2.7617,/Users/vivekkanpa/Documents/UCD/sudoku-imputation/SUDOKU_BENCHMARK/datasets/experimental_data/numerical/eeg/MAR/eeg_MAR_0.1.csv,MAR,degree,centrality,0.15,None,,1.5,0.5,LinearRegression,1,/Users/vivekkanpa/Documents/UCD/sudoku-imputation/SUDOKU_BENCHMARK/analysis/hyperparameter_tables/mar/HP0009_imputed.csv,/Users/vivekkanpa/Documents/UCD/sudoku-imputation/SUDOKU_BENCHMARK/analysis/hyperparameter_tables/mar/HP0009_runtime.txt
HP0010,ok,,2.7267,/Users/vivekkanpa/Documents/UCD/sudoku-imputation/SUDOKU_BENCHMARK/datasets/experimental_data/numerical/eeg/MAR/eeg_MAR_0.1.csv,MAR,degree,centrality,0.15,p85,0.523885790127449,1.0,1.0,LinearRegression,1,/Users/vivekkanpa/Documents/UCD/sudoku-imputation/SUDOKU_BENCHMARK/analysis/hyperparameter_tables/mar/HP0010_imputed.csv,/Users/vivekkanpa/Documents/UCD/sudoku-imputation/SUDOKU_BENCHMARK/analysis/hyperparameter_tables/mar/HP0010_runtime.txt
HP0011,ok,,2.7037,/Users/vivekkanpa/Documents/UCD/sudoku-imputation/SUDOKU_BENCHMARK/datasets/experimental_data/numerical/eeg/MAR/eeg_MAR_0.1.csv,MAR,degree,centrality,0.15,p85,0.5940558086322196,0.5,1.5,LinearRegression,1,/Users/vivekkanpa/Documents/UCD/sudoku-imputation/SUDOKU_BENCHMARK/analysis/hyperparameter_tables/mar/HP0011_imputed.csv,/Users/vivekkanpa/Documents/UCD/sudoku-imputation/SUDOKU_BENCHMARK/analysis/hyperparameter_tables/mar/HP0011_runtime.txt
HP0012,ok,,2.7093,/Users/vivekkanpa/Documents/UCD/sudoku-imputation/SUDOKU_BENCHMARK/datasets/experimental_data/numerical/eeg/MAR/eeg_MAR_0.1.csv,MAR,degree,centrality,0.15,p85,0.4655959235146816,1.5,0.5,LinearRegression,1,/Users/vivekkanpa/Documents/UCD/sudoku-imputation/SUDOKU_BENCHMARK/analysis/hyperparameter_tables/mar/HP0012_imputed.csv,/Users/vivekkanpa/Documents/UCD/sudoku-imputation/SUDOKU_BENCHMARK/analysis/hyperparameter_tables/mar/HP0012_runtime.txt
HP0013,ok,,7.0454,/Users/vivekkanpa/Documents/UCD/sudoku-imputation/SUDOKU_BENCHMARK/datasets/experimental_data/numerical/eeg/MAR/eeg_MAR_0.1.csv,MAR,degree,centrality,0.25,None,,1.0,1.0,LinearRegression,1,/Users/vivekkanpa/Documents/UCD/sudoku-imputation/SUDOKU_BENCHMARK/analysis/hyperparameter_tables/mar/HP0013_imputed.csv,/Users/vivekkanpa/Documents/UCD/sudoku-imputation/SUDOKU_BENCHMARK/analysis/hyperparameter_tables/mar/HP0013_runtime.txt
HP0014,ok,,7.3026,/Users/vivekkanpa/Documents/UCD/sudoku-imputation/SUDOKU_BENCHMARK/datasets/experimental_data/numerical/eeg/MAR/eeg_MAR_0.1.csv,MAR,degree,centrality,0.25,None,,0.5,1.5,LinearRegression,1,/Users/vivekkanpa/Documents/UCD/sudoku-imputation/SUDOKU_BENCHMARK/analysis/hyperparameter_tables/mar/HP0014_imputed.csv,/Users/vivekkanpa/Documents/UCD/sudoku-imputation/SUDOKU_BENCHMARK/analysis/hyperparameter_tables/mar/HP0014_runtime.txt
HP0015,ok,,7.7953,/Users/vivekkanpa/Documents/UCD/sudoku-imputation/SUDOKU_BENCHMARK/datasets/experimental_data/numerical/eeg/MAR/eeg_MAR_0.1.csv,MAR,degree,centrality,0.25,None,,1.5,0.5,LinearRegression,1,/Users/vivekkanpa/Documents/UCD/sudoku-imputation/SUDOKU_BENCHMARK/analysis/hyperparameter_tables/mar/HP0015_imputed.csv,/Users/vivekkanpa/Documents/UCD/sudoku-imputation/SUDOKU_BENCHMARK/analysis/hyperparameter_tables/mar/HP0015_runtime.txt
HP0016,ok,,7.7164,/Users/vivekkanpa/Documents/UCD/sudoku-imputation/SUDOKU_BENCHMARK/datasets/experimental_data/numerical/eeg/MAR/eeg_MAR_0.1.csv,MAR,degree,centrality,0.25,p85,0.523885790127449,1.0,1.0,LinearRegression,1,/Users/vivekkanpa/Documents/UCD/sudoku-imputation/SUDOKU_BENCHMARK/analysis/hyperparameter_tables/mar/HP0016_imputed.csv,/Users/vivekkanpa/Documents/UCD/sudoku-imputation/SUDOKU_BENCHMARK/analysis/hyperparameter_tables/mar/HP0016_runtime.txt
HP0017,ok,,7.1959,/Users/vivekkanpa/Documents/UCD/sudoku-imputation/SUDOKU_BENCHMARK/datasets/experimental_data/numerical/eeg/MAR/eeg_MAR_0.1.csv,MAR,degree,centrality,0.25,p85,0.5940558086322196,0.5,1.5,LinearRegression,1,/Users/vivekkanpa/Documents/UCD/sudoku-imputation/SUDOKU_BENCHMARK/analysis/hyperparameter_tables/mar/HP0017_imputed.csv,/Users/vivekkanpa/Documents/UCD/sudoku-imputation/SUDOKU_BENCHMARK/analysis/hyperparameter_tables/mar/HP0017_runtime.txt
HP0018,ok,,7.5535,/Users/vivekkanpa/Documents/UCD/sudoku-imputation/SUDOKU_BENCHMARK/datasets/experimental_data/numerical/eeg/MAR/eeg_MAR_0.1.csv,MAR,degree,centrality,0.25,p85,0.4655959235146816,1.5,0.5,LinearRegression,1,/Users/vivekkanpa/Documents/UCD/sudoku-imputation/SUDOKU_BENCHMARK/analysis/hyperparameter_tables/mar/HP0018_imputed.csv,/Users/vivekkanpa/Documents/UCD/sudoku-imputation/SUDOKU_BENCHMARK/analysis/hyperparameter_tables/mar/HP0018_runtime.txt
HP0019,ok,,53.3689,/Users/vivekkanpa/Documents/UCD/sudoku-imputation/SUDOKU_BENCHMARK/datasets/experimental_data/numerical/eeg/MAR/eeg_MAR_0.1.csv,MAR,degree,utility,0.08,None,,1.0,1.0,LinearRegression,1,/Users/vivekkanpa/Documents/UCD/sudoku-imputation/SUDOKU_BENCHMARK/analysis/hyperparameter_tables/mar/HP0019_imputed.csv,/Users/vivekkanpa/Documents/UCD/sudoku-imputation/SUDOKU_BENCHMARK/analysis/hyperparameter_tables/mar/HP0019_runtime.txt
HP0020,ok,,51.5105,/Users/vivekkanpa/Documents/UCD/sudoku-imputation/SUDOKU_BENCHMARK/datasets/experimental_data/numerical/eeg/MAR/eeg_MAR_0.1.csv,MAR,degree,utility,0.08,None,,0.5,1.5,LinearRegression,1,/Users/vivekkanpa/Documents/UCD/sudoku-imputation/SUDOKU_BENCHMARK/analysis/hyperparameter_tables/mar/HP0020_imputed.csv,/Users/vivekkanpa/Documents/UCD/sudoku-imputation/SUDOKU_BENCHMARK/analysis/hyperparameter_tables/mar/HP0020_runtime.txt
HP0021,ok,,50.4344,/Users/vivekkanpa/Documents/UCD/sudoku-imputation/SUDOKU_BENCHMARK/datasets/experimental_data/numerical/eeg/MAR/eeg_MAR_0.1.csv,MAR,degree,utility,0.08,None,,1.5,0.5,LinearRegression,1,/Users/vivekkanpa/Documents/UCD/sudoku-imputation/SUDOKU_BENCHMARK/analysis/hyperparameter_tables/mar/HP0021_imputed.csv,/Users/vivekkanpa/Documents/UCD/sudoku-imputation/SUDOKU_BENCHMARK/analysis/hyperparameter_tables/mar/HP0021_runtime.txt
HP0022,ok,,50.1441,/Users/vivekkanpa/Documents/UCD/sudoku-imputation/SUDOKU_BENCHMARK/datasets/experimental_data/numerical/eeg/MAR/eeg_MAR_0.1.csv,MAR,degree,utility,0.08,p85,0.523885790127449,1.0,1.0,LinearRegression,1,/Users/vivekkanpa/Documents/UCD/sudoku-imputation/SUDOKU_BENCHMARK/analysis/hyperparameter_tables/mar/HP0022_imputed.csv,/Users/vivekkanpa/Documents/UCD/sudoku-imputation/SUDOKU_BENCHMARK/analysis/hyperparameter_tables/mar/HP0022_runtime.txt
HP0023,ok,,54.8498,/Users/vivekkanpa/Documents/UCD/sudoku-imputation/SUDOKU_BENCHMARK/datasets/experimental_data/numerical/eeg/MAR/eeg_MAR_0.1.csv,MAR,degree,utility,0.08,p85,0.5940558086322196,0.5,1.5,LinearRegression,1,/Users/vivekkanpa/Documents/UCD/sudoku-imputation/SUDOKU_BENCHMARK/analysis/hyperparameter_tables/mar/HP0023_imputed.csv,/Users/vivekkanpa/Documents/UCD/sudoku-imputation/SUDOKU_BENCHMARK/analysis/hyperparameter_tables/mar/HP0023_runtime.txt
HP0024,ok,,54.8862,/Users/vivekkanpa/Documents/UCD/sudoku-imputation/SUDOKU_BENCHMARK/datasets/experimental_data/numerical/eeg/MAR/eeg_MAR_0.1.csv,MAR,degree,utility,0.08,p85,0.4655959235146816,1.5,0.5,LinearRegression,1,/Users/vivekkanpa/Documents/UCD/sudoku-imputation/SUDOKU_BENCHMARK/analysis/hyperparameter_tables/mar/HP0024_imputed.csv,/Users/vivekkanpa/Documents/UCD/sudoku-imputation/SUDOKU_BENCHMARK/analysis/hyperparameter_tables/mar/HP0024_runtime.txt
HP0025,ok,,52.6431,/Users/vivekkanpa/Documents/UCD/sudoku-imputation/SUDOKU_BENCHMARK/datasets/experimental_data/numerical/eeg/MAR/eeg_MAR_0.1.csv,MAR,degree,utility,0.15,None,,1.0,1.0,LinearRegression,1,/Users/vivekkanpa/Documents/UCD/sudoku-imputation/SUDOKU_BENCHMARK/analysis/hyperparameter_tables/mar/HP0025_imputed.csv,/Users/vivekkanpa/Documents/UCD/sudoku-imputation/SUDOKU_BENCHMARK/analysis/hyperparameter_tables/mar/HP0025_runtime.txt
HP0026,ok,,54.3227,/Users/vivekkanpa/Documents/UCD/sudoku-imputation/SUDOKU_BENCHMARK/datasets/experimental_data/numerical/eeg/MAR/eeg_MAR_0.1.csv,MAR,degree,utility,0.15,None,,0.5,1.5,LinearRegression,1,/Users/vivekkanpa/Documents/UCD/sudoku-imputation/SUDOKU_BENCHMARK/analysis/hyperparameter_tables/mar/HP0026_imputed.csv,/Users/vivekkanpa/Documents/UCD/sudoku-imputation/SUDOKU_BENCHMARK/analysis/hyperparameter_tables/mar/HP0026_runtime.txt
HP0027,ok,,51.5625,/Users/vivekkanpa/Documents/UCD/sudoku-imputation/SUDOKU_BENCHMARK/datasets/experimental_data/numerical/eeg/MAR/eeg_MAR_0.1.csv,MAR,degree,utility,0.15,None,,1.5,0.5,LinearRegression,1,/Users/vivekkanpa/Documents/UCD/sudoku-imputation/SUDOKU_BENCHMARK/analysis/hyperparameter_tables/mar/HP0027_imputed.csv,/Users/vivekkanpa/Documents/UCD/sudoku-imputation/SUDOKU_BENCHMARK/analysis/hyperparameter_tables/mar/HP0027_runtime.txt
HP0028,ok,,54.1515,/Users/vivekkanpa/Documents/UCD/sudoku-imputation/SUDOKU_BENCHMARK/datasets/experimental_data/numerical/eeg/MAR/eeg_MAR_0.1.csv,MAR,degree,utility,0.15,p85,0.523885790127449,1.0,1.0,LinearRegression,1,/Users/vivekkanpa/Documents/UCD/sudoku-imputation/SUDOKU_BENCHMARK/analysis/hyperparameter_tables/mar/HP0028_imputed.csv,/Users/vivekkanpa/Documents/UCD/sudoku-imputation/SUDOKU_BENCHMARK/analysis/hyperparameter_tables/mar/HP0028_runtime.txt
HP0029,ok,,54.5975,/Users/vivekkanpa/Documents/UCD/sudoku-imputation/SUDOKU_BENCHMARK/datasets/experimental_data/numerical/eeg/MAR/eeg_MAR_0.1.csv,MAR,degree,utility,0.15,p85,0.5940558086322196,0.5,1.5,LinearRegression,1,/Users/vivekkanpa/Documents/UCD/sudoku-imputation/SUDOKU_BENCHMARK/analysis/hyperparameter_tables/mar/HP0029_imputed.csv,/Users/vivekkanpa/Documents/UCD/sudoku-imputation/SUDOKU_BENCHMARK/analysis/hyperparameter_tables/mar/HP0029_runtime.txt
HP0030,ok,,52.6530,/Users/vivekkanpa/Documents/UCD/sudoku-imputation/SUDOKU_BENCHMARK/datasets/experimental_data/numerical/eeg/MAR/eeg_MAR_0.1.csv,MAR,degree,utility,0.15,p85,0.4655959235146816,1.5,0.5,LinearRegression,1,/Users/vivekkanpa/Documents/UCD/sudoku-imputation/SUDOKU_BENCHMARK/analysis/hyperparameter_tables/mar/HP0030_imputed.csv,/Users/vivekkanpa/Documents/UCD/sudoku-imputation/SUDOKU_BENCHMARK/analysis/hyperparameter_tables/mar/HP0030_runtime.txt
HP0031,ok,,60.5166,/Users/vivekkanpa/Documents/UCD/sudoku-imputation/SUDOKU_BENCHMARK/datasets/experimental_data/numerical/eeg/MAR/eeg_MAR_0.1.csv,MAR,degree,utility,0.25,None,,1.0,1.0,LinearRegression,1,/Users/vivekkanpa/Documents/UCD/sudoku-imputation/SUDOKU_BENCHMARK/analysis/hyperparameter_tables/mar/HP0031_imputed.csv,/Users/vivekkanpa/Documents/UCD/sudoku-imputation/SUDOKU_BENCHMARK/analysis/hyperparameter_tables/mar/HP0031_runtime.txt
HP0032,ok,,58.8314,/Users/vivekkanpa/Documents/UCD/sudoku-imputation/SUDOKU_BENCHMARK/datasets/experimental_data/numerical/eeg/MAR/eeg_MAR_0.1.csv,MAR,degree,utility,0.25,None,,0.5,1.5,LinearRegression,1,/Users/vivekkanpa/Documents/UCD/sudoku-imputation/SUDOKU_BENCHMARK/analysis/hyperparameter_tables/mar/HP0032_imputed.csv,/Users/vivekkanpa/Documents/UCD/sudoku-imputation/SUDOKU_BENCHMARK/analysis/hyperparameter_tables/mar/HP0032_runtime.txt
HP0033,ok,,59.5954,/Users/vivekkanpa/Documents/UCD/sudoku-imputation/SUDOKU_BENCHMARK/datasets/experimental_data/numerical/eeg/MAR/eeg_MAR_0.1.csv,MAR,degree,utility,0.25,None,,1.5,0.5,LinearRegression,1,/Users/vivekkanpa/Documents/UCD/sudoku-imputation/SUDOKU_BENCHMARK/analysis/hyperparameter_tables/mar/HP0033_imputed.csv,/Users/vivekkanpa/Documents/UCD/sudoku-imputation/SUDOKU_BENCHMARK/analysis/hyperparameter_tables/mar/HP0033_runtime.txt
HP0034,ok,,62.6373,/Users/vivekkanpa/Documents/UCD/sudoku-imputation/SUDOKU_BENCHMARK/datasets/experimental_data/numerical/eeg/MAR/eeg_MAR_0.1.csv,MAR,degree,utility,0.25,p85,0.523885790127449,1.0,1.0,LinearRegression,1,/Users/vivekkanpa/Documents/UCD/sudoku-imputation/SUDOKU_BENCHMARK/analysis/hyperparameter_tables/mar/HP0034_imputed.csv,/Users/vivekkanpa/Documents/UCD/sudoku-imputation/SUDOKU_BENCHMARK/analysis/hyperparameter_tables/mar/HP0034_runtime.txt
HP0035,ok,,64.5394,/Users/vivekkanpa/Documents/UCD/sudoku-imputation/SUDOKU_BENCHMARK/datasets/experimental_data/numerical/eeg/MAR/eeg_MAR_0.1.csv,MAR,degree,utility,0.25,p85,0.5940558086322196,0.5,1.5,LinearRegression,1,/Users/vivekkanpa/Documents/UCD/sudoku-imputation/SUDOKU_BENCHMARK/analysis/hyperparameter_tables/mar/HP0035_imputed.csv,/Users/vivekkanpa/Documents/UCD/sudoku-imputation/SUDOKU_BENCHMARK/analysis/hyperparameter_tables/mar/HP0035_runtime.txt
HP0036,ok,,56.5556,/Users/vivekkanpa/Documents/UCD/sudoku-imputation/SUDOKU_BENCHMARK/datasets/experimental_data/numerical/eeg/MAR/eeg_MAR_0.1.csv,MAR,degree,utility,0.25,p85,0.4655959235146816,1.5,0.5,LinearRegression,1,/Users/vivekkanpa/Documents/UCD/sudoku-imputation/SUDOKU_BENCHMARK/analysis/hyperparameter_tables/mar/HP0036_imputed.csv,/Users/vivekkanpa/Documents/UCD/sudoku-imputation/SUDOKU_BENCHMARK/analysis/hyperparameter_tables/mar/HP0036_runtime.txt
HP0037,ok,,2.7558,/Users/vivekkanpa/Documents/UCD/sudoku-imputation/SUDOKU_BENCHMARK/datasets/experimental_data/numerical/eeg/MAR/eeg_MAR_0.1.csv,MAR,betweenness,centrality,0.08,None,,1.0,1.0,LinearRegression,1,/Users/vivekkanpa/Documents/UCD/sudoku-imputation/SUDOKU_BENCHMARK/analysis/hyperparameter_tables/mar/HP0037_imputed.csv,/Users/vivekkanpa/Documents/UCD/sudoku-imputation/SUDOKU_BENCHMARK/analysis/hyperparameter_tables/mar/HP0037_runtime.txt
HP0038,ok,,2.6770,/Users/vivekkanpa/Documents/UCD/sudoku-imputation/SUDOKU_BENCHMARK/datasets/experimental_data/numerical/eeg/MAR/eeg_MAR_0.1.csv,MAR,betweenness,centrality,0.08,None,,0.5,1.5,LinearRegression,1,/Users/vivekkanpa/Documents/UCD/sudoku-imputation/SUDOKU_BENCHMARK/analysis/hyperparameter_tables/mar/HP0038_imputed.csv,/Users/vivekkanpa/Documents/UCD/sudoku-imputation/SUDOKU_BENCHMARK/analysis/hyperparameter_tables/mar/HP0038_runtime.txt
HP0039,ok,,2.7019,/Users/vivekkanpa/Documents/UCD/sudoku-imputation/SUDOKU_BENCHMARK/datasets/experimental_data/numerical/eeg/MAR/eeg_MAR_0.1.csv,MAR,betweenness,centrality,0.08,None,,1.5,0.5,LinearRegression,1,/Users/vivekkanpa/Documents/UCD/sudoku-imputation/SUDOKU_BENCHMARK/analysis/hyperparameter_tables/mar/HP0039_imputed.csv,/Users/vivekkanpa/Documents/UCD/sudoku-imputation/SUDOKU_BENCHMARK/analysis/hyperparameter_tables/mar/HP0039_runtime.txt
HP0040,ok,,2.7426,/Users/vivekkanpa/Documents/UCD/sudoku-imputation/SUDOKU_BENCHMARK/datasets/experimental_data/numerical/eeg/MAR/eeg_MAR_0.1.csv,MAR,betweenness,centrality,0.08,p85,0.523885790127449,1.0,1.0,LinearRegression,1,/Users/vivekkanpa/Documents/UCD/sudoku-imputation/SUDOKU_BENCHMARK/analysis/hyperparameter_tables/mar/HP0040_imputed.csv,/Users/vivekkanpa/Documents/UCD/sudoku-imputation/SUDOKU_BENCHMARK/analysis/hyperparameter_tables/mar/HP0040_runtime.txt
HP0041,ok,,2.7873,/Users/vivekkanpa/Documents/UCD/sudoku-imputation/SUDOKU_BENCHMARK/datasets/experimental_data/numerical/eeg/MAR/eeg_MAR_0.1.csv,MAR,betweenness,centrality,0.08,p85,0.5940558086322196,0.5,1.5,LinearRegression,1,/Users/vivekkanpa/Documents/UCD/sudoku-imputation/SUDOKU_BENCHMARK/analysis/hyperparameter_tables/mar/HP0041_imputed.csv,/Users/vivekkanpa/Documents/UCD/sudoku-imputation/SUDOKU_BENCHMARK/analysis/hyperparameter_tables/mar/HP0041_runtime.txt
HP0042,ok,,2.8005,/Users/vivekkanpa/Documents/UCD/sudoku-imputation/SUDOKU_BENCHMARK/datasets/experimental_data/numerical/eeg/MAR/eeg_MAR_0.1.csv,MAR,betweenness,centrality,0.08,p85,0.4655959235146816,1.5,0.5,LinearRegression,1,/Users/vivekkanpa/Documents/UCD/sudoku-imputation/SUDOKU_BENCHMARK/analysis/hyperparameter_tables/mar/HP0042_imputed.csv,/Users/vivekkanpa/Documents/UCD/sudoku-imputation/SUDOKU_BENCHMARK/analysis/hyperparameter_tables/mar/HP0042_runtime.txt
HP0043,ok,,2.6625,/Users/vivekkanpa/Documents/UCD/sudoku-imputation/SUDOKU_BENCHMARK/datasets/experimental_data/numerical/eeg/MAR/eeg_MAR_0.1.csv,MAR,betweenness,centrality,0.15,None,,1.0,1.0,LinearRegression,1,/Users/vivekkanpa/Documents/UCD/sudoku-imputation/SUDOKU_BENCHMARK/analysis/hyperparameter_tables/mar/HP0043_imputed.csv,/Users/vivekkanpa/Documents/UCD/sudoku-imputation/SUDOKU_BENCHMARK/analysis/hyperparameter_tables/mar/HP0043_runtime.txt
HP0044,ok,,2.7092,/Users/vivekkanpa/Documents/UCD/sudoku-imputation/SUDOKU_BENCHMARK/datasets/experimental_data/numerical/eeg/MAR/eeg_MAR_0.1.csv,MAR,betweenness,centrality,0.15,None,,0.5,1.5,LinearRegression,1,/Users/vivekkanpa/Documents/UCD/sudoku-imputation/SUDOKU_BENCHMARK/analysis/hyperparameter_tables/mar/HP0044_imputed.csv,/Users/vivekkanpa/Documents/UCD/sudoku-imputation/SUDOKU_BENCHMARK/analysis/hyperparameter_tables/mar/HP0044_runtime.txt
HP0045,ok,,2.6938,/Users/vivekkanpa/Documents/UCD/sudoku-imputation/SUDOKU_BENCHMARK/datasets/experimental_data/numerical/eeg/MAR/eeg_MAR_0.1.csv,MAR,betweenness,centrality,0.15,None,,1.5,0.5,LinearRegression,1,/Users/vivekkanpa/Documents/UCD/sudoku-imputation/SUDOKU_BENCHMARK/analysis/hyperparameter_tables/mar/HP0045_imputed.csv,/Users/vivekkanpa/Documents/UCD/sudoku-imputation/SUDOKU_BENCHMARK/analysis/hyperparameter_tables/mar/HP0045_runtime.txt
HP0046,ok,,2.7265,/Users/vivekkanpa/Documents/UCD/sudoku-imputation/SUDOKU_BENCHMARK/datasets/experimental_data/numerical/eeg/MAR/eeg_MAR_0.1.csv,MAR,betweenness,centrality,0.15,p85,0.523885790127449,1.0,1.0,LinearRegression,1,/Users/vivekkanpa/Documents/UCD/sudoku-imputation/SUDOKU_BENCHMARK/analysis/hyperparameter_tables/mar/HP0046_imputed.csv,/Users/vivekkanpa/Documents/UCD/sudoku-imputation/SUDOKU_BENCHMARK/analysis/hyperparameter_tables/mar/HP0046_runtime.txt
HP0047,ok,,2.7376,/Users/vivekkanpa/Documents/UCD/sudoku-imputation/SUDOKU_BENCHMARK/datasets/experimental_data/numerical/eeg/MAR/eeg_MAR_0.1.csv,MAR,betweenness,centrality,0.15,p85,0.5940558086322196,0.5,1.5,LinearRegression,1,/Users/vivekkanpa/Documents/UCD/sudoku-imputation/SUDOKU_BENCHMARK/analysis/hyperparameter_tables/mar/HP0047_imputed.csv,/Users/vivekkanpa/Documents/UCD/sudoku-imputation/SUDOKU_BENCHMARK/analysis/hyperparameter_tables/mar/HP0047_runtime.txt
HP0048,ok,,2.7214,/Users/vivekkanpa/Documents/UCD/sudoku-imputation/SUDOKU_BENCHMARK/datasets/experimental_data/numerical/eeg/MAR/eeg_MAR_0.1.csv,MAR,betweenness,centrality,0.15,p85,0.4655959235146816,1.5,0.5,LinearRegression,1,/Users/vivekkanpa/Documents/UCD/sudoku-imputation/SUDOKU_BENCHMARK/analysis/hyperparameter_tables/mar/HP0048_imputed.csv,/Users/vivekkanpa/Documents/UCD/sudoku-imputation/SUDOKU_BENCHMARK/analysis/hyperparameter_tables/mar/HP0048_runtime.txt
HP0049,ok,,7.1702,/Users/vivekkanpa/Documents/UCD/sudoku-imputation/SUDOKU_BENCHMARK/datasets/experimental_data/numerical/eeg/MAR/eeg_MAR_0.1.csv,MAR,betweenness,centrality,0.25,None,,1.0,1.0,LinearRegression,1,/Users/vivekkanpa/Documents/UCD/sudoku-imputation/SUDOKU_BENCHMARK/analysis/hyperparameter_tables/mar/HP0049_imputed.csv,/Users/vivekkanpa/Documents/UCD/sudoku-imputation/SUDOKU_BENCHMARK/analysis/hyperparameter_tables/mar/HP0049_runtime.txt
HP0050,ok,,7.2976,/Users/vivekkanpa/Documents/UCD/sudoku-imputation/SUDOKU_BENCHMARK/datasets/experimental_data/numerical/eeg/MAR/eeg_MAR_0.1.csv,MAR,betweenness,centrality,0.25,None,,0.5,1.5,LinearRegression,1,/Users/vivekkanpa/Documents/UCD/sudoku-imputation/SUDOKU_BENCHMARK/analysis/hyperparameter_tables/mar/HP0050_imputed.csv,/Users/vivekkanpa/Documents/UCD/sudoku-imputation/SUDOKU_BENCHMARK/analysis/hyperparameter_tables/mar/HP0050_runtime.txt
HP0051,ok,,7.2360,/Users/vivekkanpa/Documents/UCD/sudoku-imputation/SUDOKU_BENCHMARK/datasets/experimental_data/numerical/eeg/MAR/eeg_MAR_0.1.csv,MAR,betweenness,centrality,0.25,None,,1.5,0.5,LinearRegression,1,/Users/vivekkanpa/Documents/UCD/sudoku-imputation/SUDOKU_BENCHMARK/analysis/hyperparameter_tables/mar/HP0051_imputed.csv,/Users/vivekkanpa/Documents/UCD/sudoku-imputation/SUDOKU_BENCHMARK/analysis/hyperparameter_tables/mar/HP0051_runtime.txt
HP0052,ok,,7.4355,/Users/vivekkanpa/Documents/UCD/sudoku-imputation/SUDOKU_BENCHMARK/datasets/experimental_data/numerical/eeg/MAR/eeg_MAR_0.1.csv,MAR,betweenness,centrality,0.25,p85,0.523885790127449,1.0,1.0,LinearRegression,1,/Users/vivekkanpa/Documents/UCD/sudoku-imputation/SUDOKU_BENCHMARK/analysis/hyperparameter_tables/mar/HP0052_imputed.csv,/Users/vivekkanpa/Documents/UCD/sudoku-imputation/SUDOKU_BENCHMARK/analysis/hyperparameter_tables/mar/HP0052_runtime.txt
HP0053,ok,,7.1759,/Users/vivekkanpa/Documents/UCD/sudoku-imputation/SUDOKU_BENCHMARK/datasets/experimental_data/numerical/eeg/MAR/eeg_MAR_0.1.csv,MAR,betweenness,centrality,0.25,p85,0.5940558086322196,0.5,1.5,LinearRegression,1,/Users/vivekkanpa/Documents/UCD/sudoku-imputation/SUDOKU_BENCHMARK/analysis/hyperparameter_tables/mar/HP0053_imputed.csv,/Users/vivekkanpa/Documents/UCD/sudoku-imputation/SUDOKU_BENCHMARK/analysis/hyperparameter_tables/mar/HP0053_runtime.txt
HP0054,ok,,7.4795,/Users/vivekkanpa/Documents/UCD/sudoku-imputation/SUDOKU_BENCHMARK/datasets/experimental_data/numerical/eeg/MAR/eeg_MAR_0.1.csv,MAR,betweenness,centrality,0.25,p85,0.4655959235146816,1.5,0.5,LinearRegression,1,/Users/vivekkanpa/Documents/UCD/sudoku-imputation/SUDOKU_BENCHMARK/analysis/hyperparameter_tables/mar/HP0054_imputed.csv,/Users/vivekkanpa/Documents/UCD/sudoku-imputation/SUDOKU_BENCHMARK/analysis/hyperparameter_tables/mar/HP0054_runtime.txt
HP0055,ok,,51.9828,/Users/vivekkanpa/Documents/UCD/sudoku-imputation/SUDOKU_BENCHMARK/datasets/experimental_data/numerical/eeg/MAR/eeg_MAR_0.1.csv,MAR,betweenness,utility,0.08,None,,1.0,1.0,LinearRegression,1,/Users/vivekkanpa/Documents/UCD/sudoku-imputation/SUDOKU_BENCHMARK/analysis/hyperparameter_tables/mar/HP0055_imputed.csv,/Users/vivekkanpa/Documents/UCD/sudoku-imputation/SUDOKU_BENCHMARK/analysis/hyperparameter_tables/mar/HP0055_runtime.txt
HP0056,ok,,52.4761,/Users/vivekkanpa/Documents/UCD/sudoku-imputation/SUDOKU_BENCHMARK/datasets/experimental_data/numerical/eeg/MAR/eeg_MAR_0.1.csv,MAR,betweenness,utility,0.08,None,,0.5,1.5,LinearRegression,1,/Users/vivekkanpa/Documents/UCD/sudoku-imputation/SUDOKU_BENCHMARK/analysis/hyperparameter_tables/mar/HP0056_imputed.csv,/Users/vivekkanpa/Documents/UCD/sudoku-imputation/SUDOKU_BENCHMARK/analysis/hyperparameter_tables/mar/HP0056_runtime.txt
HP0057,ok,,52.3763,/Users/vivekkanpa/Documents/UCD/sudoku-imputation/SUDOKU_BENCHMARK/datasets/experimental_data/numerical/eeg/MAR/eeg_MAR_0.1.csv,MAR,betweenness,utility,0.08,None,,1.5,0.5,LinearRegression,1,/Users/vivekkanpa/Documents/UCD/sudoku-imputation/SUDOKU_BENCHMARK/analysis/hyperparameter_tables/mar/HP0057_imputed.csv,/Users/vivekkanpa/Documents/UCD/sudoku-imputation/SUDOKU_BENCHMARK/analysis/hyperparameter_tables/mar/HP0057_runtime.txt
HP0058,ok,,52.3891,/Users/vivekkanpa/Documents/UCD/sudoku-imputation/SUDOKU_BENCHMARK/datasets/experimental_data/numerical/eeg/MAR/eeg_MAR_0.1.csv,MAR,betweenness,utility,0.08,p85,0.523885790127449,1.0,1.0,LinearRegression,1,/Users/vivekkanpa/Documents/UCD/sudoku-imputation/SUDOKU_BENCHMARK/analysis/hyperparameter_tables/mar/HP0058_imputed.csv,/Users/vivekkanpa/Documents/UCD/sudoku-imputation/SUDOKU_BENCHMARK/analysis/hyperparameter_tables/mar/HP0058_runtime.txt
HP0059,ok,,52.9102,/Users/vivekkanpa/Documents/UCD/sudoku-imputation/SUDOKU_BENCHMARK/datasets/experimental_data/numerical/eeg/MAR/eeg_MAR_0.1.csv,MAR,betweenness,utility,0.08,p85,0.5940558086322196,0.5,1.5,LinearRegression,1,/Users/vivekkanpa/Documents/UCD/sudoku-imputation/SUDOKU_BENCHMARK/analysis/hyperparameter_tables/mar/HP0059_imputed.csv,/Users/vivekkanpa/Documents/UCD/sudoku-imputation/SUDOKU_BENCHMARK/analysis/hyperparameter_tables/mar/HP0059_runtime.txt
HP0060,ok,,54.0472,/Users/vivekkanpa/Documents/UCD/sudoku-imputation/SUDOKU_BENCHMARK/datasets/experimental_data/numerical/eeg/MAR/eeg_MAR_0.1.csv,MAR,betweenness,utility,0.08,p85,0.4655959235146816,1.5,0.5,LinearRegression,1,/Users/vivekkanpa/Documents/UCD/sudoku-imputation/SUDOKU_BENCHMARK/analysis/hyperparameter_tables/mar/HP0060_imputed.csv,/Users/vivekkanpa/Documents/UCD/sudoku-imputation/SUDOKU_BENCHMARK/analysis/hyperparameter_tables/mar/HP0060_runtime.txt
HP0061,ok,,52.5094,/Users/vivekkanpa/Documents/UCD/sudoku-imputation/SUDOKU_BENCHMARK/datasets/experimental_data/numerical/eeg/MAR/eeg_MAR_0.1.csv,MAR,betweenness,utility,0.15,None,,1.0,1.0,LinearRegression,1,/Users/vivekkanpa/Documents/UCD/sudoku-imputation/SUDOKU_BENCHMARK/analysis/hyperparameter_tables/mar/HP0061_imputed.csv,/Users/vivekkanpa/Documents/UCD/sudoku-imputation/SUDOKU_BENCHMARK/analysis/hyperparameter_tables/mar/HP0061_runtime.txt
HP0062,ok,,52.8117,/Users/vivekkanpa/Documents/UCD/sudoku-imputation/SUDOKU_BENCHMARK/datasets/experimental_data/numerical/eeg/MAR/eeg_MAR_0.1.csv,MAR,betweenness,utility,0.15,None,,0.5,1.5,LinearRegression,1,/Users/vivekkanpa/Documents/UCD/sudoku-imputation/SUDOKU_BENCHMARK/analysis/hyperparameter_tables/mar/HP0062_imputed.csv,/Users/vivekkanpa/Documents/UCD/sudoku-imputation/SUDOKU_BENCHMARK/analysis/hyperparameter_tables/mar/HP0062_runtime.txt
HP0063,ok,,53.1191,/Users/vivekkanpa/Documents/UCD/sudoku-imputation/SUDOKU_BENCHMARK/datasets/experimental_data/numerical/eeg/MAR/eeg_MAR_0.1.csv,MAR,betweenness,utility,0.15,None,,1.5,0.5,LinearRegression,1,/Users/vivekkanpa/Documents/UCD/sudoku-imputation/SUDOKU_BENCHMARK/analysis/hyperparameter_tables/mar/HP0063_imputed.csv,/Users/vivekkanpa/Documents/UCD/sudoku-imputation/SUDOKU_BENCHMARK/analysis/hyperparameter_tables/mar/HP0063_runtime.txt
HP0064,ok,,53.5534,/Users/vivekkanpa/Documents/UCD/sudoku-imputation/SUDOKU_BENCHMARK/datasets/experimental_data/numerical/eeg/MAR/eeg_MAR_0.1.csv,MAR,betweenness,utility,0.15,p85,0.523885790127449,1.0,1.0,LinearRegression,1,/Users/vivekkanpa/Documents/UCD/sudoku-imputation/SUDOKU_BENCHMARK/analysis/hyperparameter_tables/mar/HP0064_imputed.csv,/Users/vivekkanpa/Documents/UCD/sudoku-imputation/SUDOKU_BENCHMARK/analysis/hyperparameter_tables/mar/HP0064_runtime.txt
HP0065,ok,,53.9937,/Users/vivekkanpa/Documents/UCD/sudoku-imputation/SUDOKU_BENCHMARK/datasets/experimental_data/numerical/eeg/MAR/eeg_MAR_0.1.csv,MAR,betweenness,utility,0.15,p85,0.5940558086322196,0.5,1.5,LinearRegression,1,/Users/vivekkanpa/Documents/UCD/sudoku-imputation/SUDOKU_BENCHMARK/analysis/hyperparameter_tables/mar/HP0065_imputed.csv,/Users/vivekkanpa/Documents/UCD/sudoku-imputation/SUDOKU_BENCHMARK/analysis/hyperparameter_tables/mar/HP0065_runtime.txt
HP0066,ok,,55.9326,/Users/vivekkanpa/Documents/UCD/sudoku-imputation/SUDOKU_BENCHMARK/datasets/experimental_data/numerical/eeg/MAR/eeg_MAR_0.1.csv,MAR,betweenness,utility,0.15,p85,0.4655959235146816,1.5,0.5,LinearRegression,1,/Users/vivekkanpa/Documents/UCD/sudoku-imputation/SUDOKU_BENCHMARK/analysis/hyperparameter_tables/mar/HP0066_imputed.csv,/Users/vivekkanpa/Documents/UCD/sudoku-imputation/SUDOKU_BENCHMARK/analysis/hyperparameter_tables/mar/HP0066_runtime.txt
HP0067,ok,,57.2483,/Users/vivekkanpa/Documents/UCD/sudoku-imputation/SUDOKU_BENCHMARK/datasets/experimental_data/numerical/eeg/MAR/eeg_MAR_0.1.csv,MAR,betweenness,utility,0.25,None,,1.0,1.0,LinearRegression,1,/Users/vivekkanpa/Documents/UCD/sudoku-imputation/SUDOKU_BENCHMARK/analysis/hyperparameter_tables/mar/HP0067_imputed.csv,/Users/vivekkanpa/Documents/UCD/sudoku-imputation/SUDOKU_BENCHMARK/analysis/hyperparameter_tables/mar/HP0067_runtime.txt
HP0068,ok,,58.1114,/Users/vivekkanpa/Documents/UCD/sudoku-imputation/SUDOKU_BENCHMARK/datasets/experimental_data/numerical/eeg/MAR/eeg_MAR_0.1.csv,MAR,betweenness,utility,0.25,None,,0.5,1.5,LinearRegression,1,/Users/vivekkanpa/Documents/UCD/sudoku-imputation/SUDOKU_BENCHMARK/analysis/hyperparameter_tables/mar/HP0068_imputed.csv,/Users/vivekkanpa/Documents/UCD/sudoku-imputation/SUDOKU_BENCHMARK/analysis/hyperparameter_tables/mar/HP0068_runtime.txt
HP0069,ok,,57.2779,/Users/vivekkanpa/Documents/UCD/sudoku-imputation/SUDOKU_BENCHMARK/datasets/experimental_data/numerical/eeg/MAR/eeg_MAR_0.1.csv,MAR,betweenness,utility,0.25,None,,1.5,0.5,LinearRegression,1,/Users/vivekkanpa/Documents/UCD/sudoku-imputation/SUDOKU_BENCHMARK/analysis/hyperparameter_tables/mar/HP0069_imputed.csv,/Users/vivekkanpa/Documents/UCD/sudoku-imputation/SUDOKU_BENCHMARK/analysis/hyperparameter_tables/mar/HP0069_runtime.txt
HP0070,ok,,56.8191,/Users/vivekkanpa/Documents/UCD/sudoku-imputation/SUDOKU_BENCHMARK/datasets/experimental_data/numerical/eeg/MAR/eeg_MAR_0.1.csv,MAR,betweenness,utility,0.25,p85,0.523885790127449,1.0,1.0,LinearRegression,1,/Users/vivekkanpa/Documents/UCD/sudoku-imputation/SUDOKU_BENCHMARK/analysis/hyperparameter_tables/mar/HP0070_imputed.csv,/Users/vivekkanpa/Documents/UCD/sudoku-imputation/SUDOKU_BENCHMARK/analysis/hyperparameter_tables/mar/HP0070_runtime.txt
HP0071,ok,,56.2786,/Users/vivekkanpa/Documents/UCD/sudoku-imputation/SUDOKU_BENCHMARK/datasets/experimental_data/numerical/eeg/MAR/eeg_MAR_0.1.csv,MAR,betweenness,utility,0.25,p85,0.5940558086322196,0.5,1.5,LinearRegression,1,/Users/vivekkanpa/Documents/UCD/sudoku-imputation/SUDOKU_BENCHMARK/analysis/hyperparameter_tables/mar/HP0071_imputed.csv,/Users/vivekkanpa/Documents/UCD/sudoku-imputation/SUDOKU_BENCHMARK/analysis/hyperparameter_tables/mar/HP0071_runtime.txt
HP0072,ok,,57.7729,/Users/vivekkanpa/Documents/UCD/sudoku-imputation/SUDOKU_BENCHMARK/datasets/experimental_data/numerical/eeg/MAR/eeg_MAR_0.1.csv,MAR,betweenness,utility,0.25,p85,0.4655959235146816,1.5,0.5,LinearRegression,1,/Users/vivekkanpa/Documents/UCD/sudoku-imputation/SUDOKU_BENCHMARK/analysis/hyperparameter_tables/mar/HP0072_imputed.csv,/Users/vivekkanpa/Documents/UCD/sudoku-imputation/SUDOKU_BENCHMARK/analysis/hyperparameter_tables/mar/HP0072_runtime.txt
HP0073,ok,,3.0872,/Users/vivekkanpa/Documents/UCD/sudoku-imputation/SUDOKU_BENCHMARK/datasets/experimental_data/numerical/eeg/MAR/eeg_MAR_0.1.csv,MAR,eigenvector,centrality,0.08,None,,1.0,1.0,LinearRegression,1,/Users/vivekkanpa/Documents/UCD/sudoku-imputation/SUDOKU_BENCHMARK/analysis/hyperparameter_tables/mar/HP0073_imputed.csv,/Users/vivekkanpa/Documents/UCD/sudoku-imputation/SUDOKU_BENCHMARK/analysis/hyperparameter_tables/mar/HP0073_runtime.txt
HP0074,ok,,2.8037,/Users/vivekkanpa/Documents/UCD/sudoku-imputation/SUDOKU_BENCHMARK/datasets/experimental_data/numerical/eeg/MAR/eeg_MAR_0.1.csv,MAR,eigenvector,centrality,0.08,None,,0.5,1.5,LinearRegression,1,/Users/vivekkanpa/Documents/UCD/sudoku-imputation/SUDOKU_BENCHMARK/analysis/hyperparameter_tables/mar/HP0074_imputed.csv,/Users/vivekkanpa/Documents/UCD/sudoku-imputation/SUDOKU_BENCHMARK/analysis/hyperparameter_tables/mar/HP0074_runtime.txt
HP0075,ok,,2.7001,/Users/vivekkanpa/Documents/UCD/sudoku-imputation/SUDOKU_BENCHMARK/datasets/experimental_data/numerical/eeg/MAR/eeg_MAR_0.1.csv,MAR,eigenvector,centrality,0.08,None,,1.5,0.5,LinearRegression,1,/Users/vivekkanpa/Documents/UCD/sudoku-imputation/SUDOKU_BENCHMARK/analysis/hyperparameter_tables/mar/HP0075_imputed.csv,/Users/vivekkanpa/Documents/UCD/sudoku-imputation/SUDOKU_BENCHMARK/analysis/hyperparameter_tables/mar/HP0075_runtime.txt
HP0076,ok,,2.7858,/Users/vivekkanpa/Documents/UCD/sudoku-imputation/SUDOKU_BENCHMARK/datasets/experimental_data/numerical/eeg/MAR/eeg_MAR_0.1.csv,MAR,eigenvector,centrality,0.08,p85,0.523885790127449,1.0,1.0,LinearRegression,1,/Users/vivekkanpa/Documents/UCD/sudoku-imputation/SUDOKU_BENCHMARK/analysis/hyperparameter_tables/mar/HP0076_imputed.csv,/Users/vivekkanpa/Documents/UCD/sudoku-imputation/SUDOKU_BENCHMARK/analysis/hyperparameter_tables/mar/HP0076_runtime.txt
HP0077,ok,,2.8290,/Users/vivekkanpa/Documents/UCD/sudoku-imputation/SUDOKU_BENCHMARK/datasets/experimental_data/numerical/eeg/MAR/eeg_MAR_0.1.csv,MAR,eigenvector,centrality,0.08,p85,0.5940558086322196,0.5,1.5,LinearRegression,1,/Users/vivekkanpa/Documents/UCD/sudoku-imputation/SUDOKU_BENCHMARK/analysis/hyperparameter_tables/mar/HP0077_imputed.csv,/Users/vivekkanpa/Documents/UCD/sudoku-imputation/SUDOKU_BENCHMARK/analysis/hyperparameter_tables/mar/HP0077_runtime.txt
HP0078,ok,,2.7153,/Users/vivekkanpa/Documents/UCD/sudoku-imputation/SUDOKU_BENCHMARK/datasets/experimental_data/numerical/eeg/MAR/eeg_MAR_0.1.csv,MAR,eigenvector,centrality,0.08,p85,0.4655959235146816,1.5,0.5,LinearRegression,1,/Users/vivekkanpa/Documents/UCD/sudoku-imputation/SUDOKU_BENCHMARK/analysis/hyperparameter_tables/mar/HP0078_imputed.csv,/Users/vivekkanpa/Documents/UCD/sudoku-imputation/SUDOKU_BENCHMARK/analysis/hyperparameter_tables/mar/HP0078_runtime.txt
HP0079,ok,,2.7589,/Users/vivekkanpa/Documents/UCD/sudoku-imputation/SUDOKU_BENCHMARK/datasets/experimental_data/numerical/eeg/MAR/eeg_MAR_0.1.csv,MAR,eigenvector,centrality,0.15,None,,1.0,1.0,LinearRegression,1,/Users/vivekkanpa/Documents/UCD/sudoku-imputation/SUDOKU_BENCHMARK/analysis/hyperparameter_tables/mar/HP0079_imputed.csv,/Users/vivekkanpa/Documents/UCD/sudoku-imputation/SUDOKU_BENCHMARK/analysis/hyperparameter_tables/mar/HP0079_runtime.txt
HP0080,ok,,2.7757,/Users/vivekkanpa/Documents/UCD/sudoku-imputation/SUDOKU_BENCHMARK/datasets/experimental_data/numerical/eeg/MAR/eeg_MAR_0.1.csv,MAR,eigenvector,centrality,0.15,None,,0.5,1.5,LinearRegression,1,/Users/vivekkanpa/Documents/UCD/sudoku-imputation/SUDOKU_BENCHMARK/analysis/hyperparameter_tables/mar/HP0080_imputed.csv,/Users/vivekkanpa/Documents/UCD/sudoku-imputation/SUDOKU_BENCHMARK/analysis/hyperparameter_tables/mar/HP0080_runtime.txt
HP0081,ok,,2.7100,/Users/vivekkanpa/Documents/UCD/sudoku-imputation/SUDOKU_BENCHMARK/datasets/experimental_data/numerical/eeg/MAR/eeg_MAR_0.1.csv,MAR,eigenvector,centrality,0.15,None,,1.5,0.5,LinearRegression,1,/Users/vivekkanpa/Documents/UCD/sudoku-imputation/SUDOKU_BENCHMARK/analysis/hyperparameter_tables/mar/HP0081_imputed.csv,/Users/vivekkanpa/Documents/UCD/sudoku-imputation/SUDOKU_BENCHMARK/analysis/hyperparameter_tables/mar/HP0081_runtime.txt
HP0082,ok,,2.7177,/Users/vivekkanpa/Documents/UCD/sudoku-imputation/SUDOKU_BENCHMARK/datasets/experimental_data/numerical/eeg/MAR/eeg_MAR_0.1.csv,MAR,eigenvector,centrality,0.15,p85,0.523885790127449,1.0,1.0,LinearRegression,1,/Users/vivekkanpa/Documents/UCD/sudoku-imputation/SUDOKU_BENCHMARK/analysis/hyperparameter_tables/mar/HP0082_imputed.csv,/Users/vivekkanpa/Documents/UCD/sudoku-imputation/SUDOKU_BENCHMARK/analysis/hyperparameter_tables/mar/HP0082_runtime.txt
HP0083,ok,,2.8568,/Users/vivekkanpa/Documents/UCD/sudoku-imputation/SUDOKU_BENCHMARK/datasets/experimental_data/numerical/eeg/MAR/eeg_MAR_0.1.csv,MAR,eigenvector,centrality,0.15,p85,0.5940558086322196,0.5,1.5,LinearRegression,1,/Users/vivekkanpa/Documents/UCD/sudoku-imputation/SUDOKU_BENCHMARK/analysis/hyperparameter_tables/mar/HP0083_imputed.csv,/Users/vivekkanpa/Documents/UCD/sudoku-imputation/SUDOKU_BENCHMARK/analysis/hyperparameter_tables/mar/HP0083_runtime.txt
HP0084,ok,,2.7325,/Users/vivekkanpa/Documents/UCD/sudoku-imputation/SUDOKU_BENCHMARK/datasets/experimental_data/numerical/eeg/MAR/eeg_MAR_0.1.csv,MAR,eigenvector,centrality,0.15,p85,0.4655959235146816,1.5,0.5,LinearRegression,1,/Users/vivekkanpa/Documents/UCD/sudoku-imputation/SUDOKU_BENCHMARK/analysis/hyperparameter_tables/mar/HP0084_imputed.csv,/Users/vivekkanpa/Documents/UCD/sudoku-imputation/SUDOKU_BENCHMARK/analysis/hyperparameter_tables/mar/HP0084_runtime.txt
HP0085,ok,,7.2773,/Users/vivekkanpa/Documents/UCD/sudoku-imputation/SUDOKU_BENCHMARK/datasets/experimental_data/numerical/eeg/MAR/eeg_MAR_0.1.csv,MAR,eigenvector,centrality,0.25,None,,1.0,1.0,LinearRegression,1,/Users/vivekkanpa/Documents/UCD/sudoku-imputation/SUDOKU_BENCHMARK/analysis/hyperparameter_tables/mar/HP0085_imputed.csv,/Users/vivekkanpa/Documents/UCD/sudoku-imputation/SUDOKU_BENCHMARK/analysis/hyperparameter_tables/mar/HP0085_runtime.txt
HP0086,ok,,7.2277,/Users/vivekkanpa/Documents/UCD/sudoku-imputation/SUDOKU_BENCHMARK/datasets/experimental_data/numerical/eeg/MAR/eeg_MAR_0.1.csv,MAR,eigenvector,centrality,0.25,None,,0.5,1.5,LinearRegression,1,/Users/vivekkanpa/Documents/UCD/sudoku-imputation/SUDOKU_BENCHMARK/analysis/hyperparameter_tables/mar/HP0086_imputed.csv,/Users/vivekkanpa/Documents/UCD/sudoku-imputation/SUDOKU_BENCHMARK/analysis/hyperparameter_tables/mar/HP0086_runtime.txt
HP0087,ok,,7.5917,/Users/vivekkanpa/Documents/UCD/sudoku-imputation/SUDOKU_BENCHMARK/datasets/experimental_data/numerical/eeg/MAR/eeg_MAR_0.1.csv,MAR,eigenvector,centrality,0.25,None,,1.5,0.5,LinearRegression,1,/Users/vivekkanpa/Documents/UCD/sudoku-imputation/SUDOKU_BENCHMARK/analysis/hyperparameter_tables/mar/HP0087_imputed.csv,/Users/vivekkanpa/Documents/UCD/sudoku-imputation/SUDOKU_BENCHMARK/analysis/hyperparameter_tables/mar/HP0087_runtime.txt
HP0088,ok,,7.2745,/Users/vivekkanpa/Documents/UCD/sudoku-imputation/SUDOKU_BENCHMARK/datasets/experimental_data/numerical/eeg/MAR/eeg_MAR_0.1.csv,MAR,eigenvector,centrality,0.25,p85,0.523885790127449,1.0,1.0,LinearRegression,1,/Users/vivekkanpa/Documents/UCD/sudoku-imputation/SUDOKU_BENCHMARK/analysis/hyperparameter_tables/mar/HP0088_imputed.csv,/Users/vivekkanpa/Documents/UCD/sudoku-imputation/SUDOKU_BENCHMARK/analysis/hyperparameter_tables/mar/HP0088_runtime.txt
HP0089,ok,,7.8892,/Users/vivekkanpa/Documents/UCD/sudoku-imputation/SUDOKU_BENCHMARK/datasets/experimental_data/numerical/eeg/MAR/eeg_MAR_0.1.csv,MAR,eigenvector,centrality,0.25,p85,0.5940558086322196,0.5,1.5,LinearRegression,1,/Users/vivekkanpa/Documents/UCD/sudoku-imputation/SUDOKU_BENCHMARK/analysis/hyperparameter_tables/mar/HP0089_imputed.csv,/Users/vivekkanpa/Documents/UCD/sudoku-imputation/SUDOKU_BENCHMARK/analysis/hyperparameter_tables/mar/HP0089_runtime.txt
HP0090,ok,,7.4977,/Users/vivekkanpa/Documents/UCD/sudoku-imputation/SUDOKU_BENCHMARK/datasets/experimental_data/numerical/eeg/MAR/eeg_MAR_0.1.csv,MAR,eigenvector,centrality,0.25,p85,0.4655959235146816,1.5,0.5,LinearRegression,1,/Users/vivekkanpa/Documents/UCD/sudoku-imputation/SUDOKU_BENCHMARK/analysis/hyperparameter_tables/mar/HP0090_imputed.csv,/Users/vivekkanpa/Documents/UCD/sudoku-imputation/SUDOKU_BENCHMARK/analysis/hyperparameter_tables/mar/HP0090_runtime.txt
HP0091,ok,,52.9652,/Users/vivekkanpa/Documents/UCD/sudoku-imputation/SUDOKU_BENCHMARK/datasets/experimental_data/numerical/eeg/MAR/eeg_MAR_0.1.csv,MAR,eigenvector,utility,0.08,None,,1.0,1.0,LinearRegression,1,/Users/vivekkanpa/Documents/UCD/sudoku-imputation/SUDOKU_BENCHMARK/analysis/hyperparameter_tables/mar/HP0091_imputed.csv,/Users/vivekkanpa/Documents/UCD/sudoku-imputation/SUDOKU_BENCHMARK/analysis/hyperparameter_tables/mar/HP0091_runtime.txt
HP0092,ok,,51.8695,/Users/vivekkanpa/Documents/UCD/sudoku-imputation/SUDOKU_BENCHMARK/datasets/experimental_data/numerical/eeg/MAR/eeg_MAR_0.1.csv,MAR,eigenvector,utility,0.08,None,,0.5,1.5,LinearRegression,1,/Users/vivekkanpa/Documents/UCD/sudoku-imputation/SUDOKU_BENCHMARK/analysis/hyperparameter_tables/mar/HP0092_imputed.csv,/Users/vivekkanpa/Documents/UCD/sudoku-imputation/SUDOKU_BENCHMARK/analysis/hyperparameter_tables/mar/HP0092_runtime.txt
HP0093,ok,,53.3633,/Users/vivekkanpa/Documents/UCD/sudoku-imputation/SUDOKU_BENCHMARK/datasets/experimental_data/numerical/eeg/MAR/eeg_MAR_0.1.csv,MAR,eigenvector,utility,0.08,None,,1.5,0.5,LinearRegression,1,/Users/vivekkanpa/Documents/UCD/sudoku-imputation/SUDOKU_BENCHMARK/analysis/hyperparameter_tables/mar/HP0093_imputed.csv,/Users/vivekkanpa/Documents/UCD/sudoku-imputation/SUDOKU_BENCHMARK/analysis/hyperparameter_tables/mar/HP0093_runtime.txt
HP0094,ok,,51.0949,/Users/vivekkanpa/Documents/UCD/sudoku-imputation/SUDOKU_BENCHMARK/datasets/experimental_data/numerical/eeg/MAR/eeg_MAR_0.1.csv,MAR,eigenvector,utility,0.08,p85,0.523885790127449,1.0,1.0,LinearRegression,1,/Users/vivekkanpa/Documents/UCD/sudoku-imputation/SUDOKU_BENCHMARK/analysis/hyperparameter_tables/mar/HP0094_imputed.csv,/Users/vivekkanpa/Documents/UCD/sudoku-imputation/SUDOKU_BENCHMARK/analysis/hyperparameter_tables/mar/HP0094_runtime.txt
HP0095,ok,,51.4912,/Users/vivekkanpa/Documents/UCD/sudoku-imputation/SUDOKU_BENCHMARK/datasets/experimental_data/numerical/eeg/MAR/eeg_MAR_0.1.csv,MAR,eigenvector,utility,0.08,p85,0.5940558086322196,0.5,1.5,LinearRegression,1,/Users/vivekkanpa/Documents/UCD/sudoku-imputation/SUDOKU_BENCHMARK/analysis/hyperparameter_tables/mar/HP0095_imputed.csv,/Users/vivekkanpa/Documents/UCD/sudoku-imputation/SUDOKU_BENCHMARK/analysis/hyperparameter_tables/mar/HP0095_runtime.txt
HP0096,ok,,50.0150,/Users/vivekkanpa/Documents/UCD/sudoku-imputation/SUDOKU_BENCHMARK/datasets/experimental_data/numerical/eeg/MAR/eeg_MAR_0.1.csv,MAR,eigenvector,utility,0.08,p85,0.4655959235146816,1.5,0.5,LinearRegression,1,/Users/vivekkanpa/Documents/UCD/sudoku-imputation/SUDOKU_BENCHMARK/analysis/hyperparameter_tables/mar/HP0096_imputed.csv,/Users/vivekkanpa/Documents/UCD/sudoku-imputation/SUDOKU_BENCHMARK/analysis/hyperparameter_tables/mar/HP0096_runtime.txt
HP0097,ok,,50.9813,/Users/vivekkanpa/Documents/UCD/sudoku-imputation/SUDOKU_BENCHMARK/datasets/experimental_data/numerical/eeg/MAR/eeg_MAR_0.1.csv,MAR,eigenvector,utility,0.15,None,,1.0,1.0,LinearRegression,1,/Users/vivekkanpa/Documents/UCD/sudoku-imputation/SUDOKU_BENCHMARK/analysis/hyperparameter_tables/mar/HP0097_imputed.csv,/Users/vivekkanpa/Documents/UCD/sudoku-imputation/SUDOKU_BENCHMARK/analysis/hyperparameter_tables/mar/HP0097_runtime.txt
HP0098,ok,,50.8762,/Users/vivekkanpa/Documents/UCD/sudoku-imputation/SUDOKU_BENCHMARK/datasets/experimental_data/numerical/eeg/MAR/eeg_MAR_0.1.csv,MAR,eigenvector,utility,0.15,None,,0.5,1.5,LinearRegression,1,/Users/vivekkanpa/Documents/UCD/sudoku-imputation/SUDOKU_BENCHMARK/analysis/hyperparameter_tables/mar/HP0098_imputed.csv,/Users/vivekkanpa/Documents/UCD/sudoku-imputation/SUDOKU_BENCHMARK/analysis/hyperparameter_tables/mar/HP0098_runtime.txt
HP0099,ok,,51.6317,/Users/vivekkanpa/Documents/UCD/sudoku-imputation/SUDOKU_BENCHMARK/datasets/experimental_data/numerical/eeg/MAR/eeg_MAR_0.1.csv,MAR,eigenvector,utility,0.15,None,,1.5,0.5,LinearRegression,1,/Users/vivekkanpa/Documents/UCD/sudoku-imputation/SUDOKU_BENCHMARK/analysis/hyperparameter_tables/mar/HP0099_imputed.csv,/Users/vivekkanpa/Documents/UCD/sudoku-imputation/SUDOKU_BENCHMARK/analysis/hyperparameter_tables/mar/HP0099_runtime.txt
HP0100,ok,,50.9655,/Users/vivekkanpa/Documents/UCD/sudoku-imputation/SUDOKU_BENCHMARK/datasets/experimental_data/numerical/eeg/MAR/eeg_MAR_0.1.csv,MAR,eigenvector,utility,0.15,p85,0.523885790127449,1.0,1.0,LinearRegression,1,/Users/vivekkanpa/Documents/UCD/sudoku-imputation/SUDOKU_BENCHMARK/analysis/hyperparameter_tables/mar/HP0100_imputed.csv,/Users/vivekkanpa/Documents/UCD/sudoku-imputation/SUDOKU_BENCHMARK/analysis/hyperparameter_tables/mar/HP0100_runtime.txt
HP0101,ok,,50.8693,/Users/vivekkanpa/Documents/UCD/sudoku-imputation/SUDOKU_BENCHMARK/datasets/experimental_data/numerical/eeg/MAR/eeg_MAR_0.1.csv,MAR,eigenvector,utility,0.15,p85,0.5940558086322196,0.5,1.5,LinearRegression,1,/Users/vivekkanpa/Documents/UCD/sudoku-imputation/SUDOKU_BENCHMARK/analysis/hyperparameter_tables/mar/HP0101_imputed.csv,/Users/vivekkanpa/Documents/UCD/sudoku-imputation/SUDOKU_BENCHMARK/analysis/hyperparameter_tables/mar/HP0101_runtime.txt
HP0102,ok,,51.6198,/Users/vivekkanpa/Documents/UCD/sudoku-imputation/SUDOKU_BENCHMARK/datasets/experimental_data/numerical/eeg/MAR/eeg_MAR_0.1.csv,MAR,eigenvector,utility,0.15,p85,0.4655959235146816,1.5,0.5,LinearRegression,1,/Users/vivekkanpa/Documents/UCD/sudoku-imputation/SUDOKU_BENCHMARK/analysis/hyperparameter_tables/mar/HP0102_imputed.csv,/Users/vivekkanpa/Documents/UCD/sudoku-imputation/SUDOKU_BENCHMARK/analysis/hyperparameter_tables/mar/HP0102_runtime.txt
HP0103,ok,,57.2288,/Users/vivekkanpa/Documents/UCD/sudoku-imputation/SUDOKU_BENCHMARK/datasets/experimental_data/numerical/eeg/MAR/eeg_MAR_0.1.csv,MAR,eigenvector,utility,0.25,None,,1.0,1.0,LinearRegression,1,/Users/vivekkanpa/Documents/UCD/sudoku-imputation/SUDOKU_BENCHMARK/analysis/hyperparameter_tables/mar/HP0103_imputed.csv,/Users/vivekkanpa/Documents/UCD/sudoku-imputation/SUDOKU_BENCHMARK/analysis/hyperparameter_tables/mar/HP0103_runtime.txt
HP0104,ok,,56.4883,/Users/vivekkanpa/Documents/UCD/sudoku-imputation/SUDOKU_BENCHMARK/datasets/experimental_data/numerical/eeg/MAR/eeg_MAR_0.1.csv,MAR,eigenvector,utility,0.25,None,,0.5,1.5,LinearRegression,1,/Users/vivekkanpa/Documents/UCD/sudoku-imputation/SUDOKU_BENCHMARK/analysis/hyperparameter_tables/mar/HP0104_imputed.csv,/Users/vivekkanpa/Documents/UCD/sudoku-imputation/SUDOKU_BENCHMARK/analysis/hyperparameter_tables/mar/HP0104_runtime.txt
HP0105,ok,,55.9921,/Users/vivekkanpa/Documents/UCD/sudoku-imputation/SUDOKU_BENCHMARK/datasets/experimental_data/numerical/eeg/MAR/eeg_MAR_0.1.csv,MAR,eigenvector,utility,0.25,None,,1.5,0.5,LinearRegression,1,/Users/vivekkanpa/Documents/UCD/sudoku-imputation/SUDOKU_BENCHMARK/analysis/hyperparameter_tables/mar/HP0105_imputed.csv,/Users/vivekkanpa/Documents/UCD/sudoku-imputation/SUDOKU_BENCHMARK/analysis/hyperparameter_tables/mar/HP0105_runtime.txt
HP0106,ok,,55.8278,/Users/vivekkanpa/Documents/UCD/sudoku-imputation/SUDOKU_BENCHMARK/datasets/experimental_data/numerical/eeg/MAR/eeg_MAR_0.1.csv,MAR,eigenvector,utility,0.25,p85,0.523885790127449,1.0,1.0,LinearRegression,1,/Users/vivekkanpa/Documents/UCD/sudoku-imputation/SUDOKU_BENCHMARK/analysis/hyperparameter_tables/mar/HP0106_imputed.csv,/Users/vivekkanpa/Documents/UCD/sudoku-imputation/SUDOKU_BENCHMARK/analysis/hyperparameter_tables/mar/HP0106_runtime.txt
HP0107,ok,,55.6652,/Users/vivekkanpa/Documents/UCD/sudoku-imputation/SUDOKU_BENCHMARK/datasets/experimental_data/numerical/eeg/MAR/eeg_MAR_0.1.csv,MAR,eigenvector,utility,0.25,p85,0.5940558086322196,0.5,1.5,LinearRegression,1,/Users/vivekkanpa/Documents/UCD/sudoku-imputation/SUDOKU_BENCHMARK/analysis/hyperparameter_tables/mar/HP0107_imputed.csv,/Users/vivekkanpa/Documents/UCD/sudoku-imputation/SUDOKU_BENCHMARK/analysis/hyperparameter_tables/mar/HP0107_runtime.txt
HP0108,ok,,55.0710,/Users/vivekkanpa/Documents/UCD/sudoku-imputation/SUDOKU_BENCHMARK/datasets/experimental_data/numerical/eeg/MAR/eeg_MAR_0.1.csv,MAR,eigenvector,utility,0.25,p85,0.4655959235146816,1.5,0.5,LinearRegression,1,/Users/vivekkanpa/Documents/UCD/sudoku-imputation/SUDOKU_BENCHMARK/analysis/hyperparameter_tables/mar/HP0108_imputed.csv,/Users/vivekkanpa/Documents/UCD/sudoku-imputation/SUDOKU_BENCHMARK/analysis/hyperparameter_tables/mar/HP0108_runtime.txt
